"","fips","netwp_h"
"1","01001",0.00408127065747976
"2","01003",-0.0548772290349007
"3","01005",NA
"4","01007",NA
"5","01009",NA
"6","01011",NA
"7","01013",NA
"8","01015",NA
"9","01017",NA
"10","01019",NA
"11","01021",NA
"12","01023",NA
"13","01025",NA
"14","01027",NA
"15","01029",NA
"16","01031",NA
"17","01033",NA
"18","01035",NA
"19","01037",NA
"20","01039",NA
"21","01041",NA
"22","01043",NA
"23","01045",NA
"24","01047",NA
"25","01049",NA
"26","01051",NA
"27","01053",NA
"28","01055",NA
"29","01057",NA
"30","01059",NA
"31","01061",NA
"32","01063",NA
"33","01065",NA
"34","01067",NA
"35","01069",NA
"36","01071",NA
"37","01073",-0.0190545357763767
"38","01075",NA
"39","01077",NA
"40","01079",NA
"41","01081",NA
"42","01083",0.0090871537104249
"43","01085",NA
"44","01087",NA
"45","01089",0.00799873191863298
"46","01091",NA
"47","01093",NA
"48","01095",NA
"49","01097",-0.0079181082546711
"50","01099",NA
"51","01101",-0.0179593600332737
"52","01103",-0.0225558113306761
"53","01105",NA
"54","01107",NA
"55","01109",NA
"56","01111",NA
"57","01113",NA
"58","01115",-0.0297634042799473
"59","01117",-0.0223203543573618
"60","01119",NA
"61","01121",NA
"62","01123",NA
"63","01125",NA
"64","01127",NA
"65","01129",NA
"66","01131",NA
"67","01133",NA
"68","02013",NA
"69","02016",NA
"70","02020",-0.0198730118572712
"71","02050",NA
"72","02060",NA
"73","02068",NA
"74","02070",NA
"75","02090",-0.0346946381032467
"76","02100",NA
"77","02110",0.0344609878957272
"78","02122",NA
"79","02130",NA
"80","02150",NA
"81","02164",NA
"82","02170",-0.0112277558073401
"83","02180",NA
"84","02185",NA
"85","02188",NA
"86","02201",NA
"87","02220",NA
"88","02232",NA
"89","02240",NA
"90","02261",NA
"91","02270",NA
"92","02280",NA
"93","02282",NA
"94","02290",NA
"95","04001",NA
"96","04003",-0.0734475702047348
"97","04005",-0.174243122339249
"98","04007",-0.143865749239922
"99","04009",NA
"100","04011",NA
"101","04012",NA
"102","04013",-0.244703069329262
"103","04015",-0.215975984930992
"104","04017",-0.219717010855675
"105","04019",-0.108852483332157
"106","04021",NA
"107","04023",-0.269173592329025
"108","04025",-0.149604231119156
"109","04027",-0.146476805210114
"110","05001",NA
"111","05003",NA
"112","05005",-0.0395709462463856
"113","05007",-0.0394437722861767
"114","05009",0.007321170065552
"115","05011",NA
"116","05013",NA
"117","05015",NA
"118","05017",NA
"119","05019",-0.000745428376831114
"120","05021",NA
"121","05023",NA
"122","05025",NA
"123","05027",NA
"124","05029",NA
"125","05031",0.00472305156290531
"126","05033",0.0138230202719569
"127","05035",-0.0221041422337294
"128","05037",-0.0657200440764427
"129","05039",NA
"130","05041",NA
"131","05043",0.0282677728682756
"132","05045",0.0144702661782503
"133","05047",NA
"134","05049",NA
"135","05051",0.00710085779428482
"136","05053",NA
"137","05055",0.0316875316202641
"138","05057",NA
"139","05059",-0.00679548038169742
"140","05061",NA
"141","05063",-0.00442799879238009
"142","05065",NA
"143","05067",NA
"144","05069",-0.00390134332701564
"145","05071",NA
"146","05073",NA
"147","05075",NA
"148","05077",NA
"149","05079",NA
"150","05081",NA
"151","05083",NA
"152","05085",0.00129954412113875
"153","05087",NA
"154","05089",NA
"155","05091",-0.029921306297183
"156","05093",NA
"157","05095",NA
"158","05097",NA
"159","05099",NA
"160","05101",NA
"161","05103",NA
"162","05105",NA
"163","05107",NA
"164","05109",NA
"165","05111",NA
"166","05113",0.0126685407012701
"167","05115",0.0246023125946522
"168","05117",NA
"169","05119",-0.00174048007465899
"170","05121",-0.0148940188810229
"171","05123",NA
"172","05125",0.00208780099637806
"173","05127",NA
"174","05129",NA
"175","05131",-0.0050086360424757
"176","05133",NA
"177","05135",-0.00343883503228426
"178","05137",NA
"179","05139",0.00175207736901939
"180","05141",NA
"181","05143",-0.0477214194834232
"182","05145",0.0067590493708849
"183","05147",NA
"184","05149",NA
"185","06001",-0.22845633327961
"186","06003",NA
"187","06005",-0.240460067987442
"188","06007",-0.15444216132164
"189","06009",-0.364344865083694
"190","06011",NA
"191","06013",-0.327404320240021
"192","06015",-0.166044935584068
"193","06017",-0.211560323834419
"194","06019",-0.257695078849792
"195","06021",-0.26353731751442
"196","06023",-0.132475972175598
"197","06025",-0.350995481014252
"198","06027",NA
"199","06029",-0.348634719848633
"200","06031",-0.212024688720703
"201","06033",-0.282402813434601
"202","06035",NA
"203","06037",-0.210778206586838
"204","06039",-0.407058358192444
"205","06041",-0.0809657871723175
"206","06043",NA
"207","06045",-0.256630301475525
"208","06047",-0.467288821935654
"209","06049",NA
"210","06051",NA
"211","06053",-0.365376621484756
"212","06055",-0.201199159026146
"213","06057",-0.152973487973213
"214","06059",-0.178570419549942
"215","06061",-0.181430518627167
"216","06063",NA
"217","06065",-0.419729650020599
"218","06067",-0.310296177864075
"219","06069",-0.722545921802521
"220","06071",-0.554050028324127
"221","06073",-0.182361096143723
"222","06075",-0.0426164641976357
"223","06077",-0.502128124237061
"224","06079",-0.134451329708099
"225","06081",-0.0969471335411072
"226","06083",-0.172399953007698
"227","06085",-0.168427705764771
"228","06087",-0.206994876265526
"229","06089",-0.179086148738861
"230","06091",NA
"231","06093",NA
"232","06095",-0.625954926013947
"233","06097",-0.213816091418266
"234","06099",-0.50208580493927
"235","06101",-0.296373337507248
"236","06103",-0.175991281867027
"237","06105",NA
"238","06107",-0.268852084875107
"239","06109",-0.177375793457031
"240","06111",-0.219126537442207
"241","06113",-0.237743347883224
"242","06115",-0.43407678604126
"243","08001",-0.0810192003846169
"244","08003",NA
"245","08005",-0.0336025580763817
"246","08007",-0.0295807514339685
"247","08009",NA
"248","08011",NA
"249","08013",-0.00632953597232699
"250","08014",-0.0174162946641445
"251","08015",NA
"252","08017",NA
"253","08019",NA
"254","08021",NA
"255","08023",NA
"256","08025",NA
"257","08027",NA
"258","08029",NA
"259","08031",-0.0236557386815548
"260","08033",NA
"261","08035",-0.0429158061742783
"262","08037",-0.0404772460460663
"263","08039",-0.0382358990609646
"264","08041",-0.0380395986139774
"265","08043",-0.0101179806515574
"266","08045",-0.00357623980380595
"267","08047",NA
"268","08049",NA
"269","08051",NA
"270","08053",NA
"271","08055",NA
"272","08057",NA
"273","08059",-0.0213379077613354
"274","08061",NA
"275","08063",NA
"276","08065",NA
"277","08067",-0.00827211979776621
"278","08069",-0.0161050483584404
"279","08071",NA
"280","08073",NA
"281","08075",-0.00217682332731783
"282","08077",-0.018173523247242
"283","08079",NA
"284","08081",-0.0318818390369415
"285","08083",NA
"286","08085",-0.0187393631786108
"287","08087",-0.0534185543656349
"288","08089",NA
"289","08091",NA
"290","08093",-0.141741842031479
"291","08095",NA
"292","08097",-0.0419823937118053
"293","08099",NA
"294","08101",-0.026771305128932
"295","08103",NA
"296","08105",NA
"297","08107",-0.0427168272435665
"298","08109",NA
"299","08111",NA
"300","08113",NA
"301","08115",NA
"302","08117",-0.00275647989474237
"303","08119",0.00733575038611889
"304","08121",NA
"305","08123",-0.0540613681077957
"306","08125",NA
"307","09001",-0.0686943903565407
"308","09003",-0.0402201898396015
"309","09005",-0.100879617035389
"310","09007",-0.0500566624104977
"311","09009",-0.0860514640808105
"312","09011",-0.0598246604204178
"313","09013",-0.0381334722042084
"314","09015",-0.101543679833412
"315","10001",-0.0303193964064121
"316","10003",-0.0515488013625145
"317","10005",-0.0563319958746433
"318","11001",-0.0110680460929871
"319","12001",-0.0675952211022377
"320","12003",NA
"321","12005",-0.1602633446455
"322","12007",NA
"323","12009",-0.173972576856613
"324","12011",-0.253746509552002
"325","12013",NA
"326","12015",-0.196475327014923
"327","12017",-0.127109363675117
"328","12019",-0.130568400025368
"329","12021",-0.117437288165092
"330","12023",-0.142739668488503
"331","12027",-0.299444168806076
"332","12029",NA
"333","12031",-0.112560942769051
"334","12033",-0.0905984938144684
"335","12035",-0.169195771217346
"336","12037",NA
"337","12039",NA
"338","12041",NA
"339","12043",NA
"340","12045",-0.249860391020775
"341","12047",NA
"342","12049",NA
"343","12051",-0.206490606069565
"344","12053",-0.175689667463303
"345","12055",-0.255782544612885
"346","12057",-0.173511728644371
"347","12059",NA
"348","12061",-0.0819494053721428
"349","12063",NA
"350","12065",NA
"351","12067",NA
"352","12069",-0.165788725018501
"353","12071",-0.195211708545685
"354","12073",-0.0700237452983856
"355","12075",NA
"356","12077",NA
"357","12079",NA
"358","12081",-0.139093190431595
"359","12083",-0.135257408022881
"360","12085",-0.103926323354244
"361","12086",-0.217646658420563
"362","12087",-0.205184355378151
"363","12089",-0.0820241943001747
"364","12091",-0.115844033658504
"365","12093",-0.172460108995438
"366","12095",-0.239629909396172
"367","12097",-0.433395981788635
"368","12099",-0.103044681251049
"369","12101",-0.215293824672699
"370","12103",-0.160088062286377
"371","12105",-0.188652649521828
"372","12107",-0.234101682901382
"373","12109",-0.0919040068984032
"374","12111",-0.303029745817184
"375","12113",-0.104701384902
"376","12115",-0.111139982938766
"377","12117",-0.195978298783302
"378","12119",NA
"379","12121",NA
"380","12123",NA
"381","12125",NA
"382","12127",-0.194922775030136
"383","12129",-0.073359988629818
"384","12131",-0.120150752365589
"385","12133",NA
"386","13001",NA
"387","13003",NA
"388","13005",NA
"389","13007",NA
"390","13009",NA
"391","13011",NA
"392","13013",-0.0849751681089401
"393","13015",-0.0625727921724319
"394","13017",-0.0254028737545013
"395","13019",NA
"396","13021",-0.0480962842702866
"397","13023",NA
"398","13025",NA
"399","13027",NA
"400","13029",-0.041373360902071
"401","13031",NA
"402","13033",NA
"403","13035",-0.0591944605112076
"404","13037",NA
"405","13039",NA
"406","13043",NA
"407","13045",-0.082226499915123
"408","13047",-0.0255522411316633
"409","13049",NA
"410","13051",-0.0371224917471409
"411","13053",NA
"412","13055",NA
"413","13057",-0.0696631968021393
"414","13059",-0.0139662688598037
"415","13061",NA
"416","13063",-0.258925557136536
"417","13065",NA
"418","13067",-0.0583340562880039
"419","13069",NA
"420","13071",-0.0831004530191422
"421","13073",-0.00886394269764423
"422","13075",NA
"423","13077",-0.0773080736398697
"424","13079",NA
"425","13081",NA
"426","13083",NA
"427","13085",-0.0728511139750481
"428","13087",NA
"429","13089",-0.0605520978569984
"430","13091",NA
"431","13093",NA
"432","13095",NA
"433","13097",-0.174283847212791
"434","13099",NA
"435","13101",NA
"436","13103",-0.079646959900856
"437","13105",NA
"438","13107",NA
"439","13109",NA
"440","13111",-0.0875870659947395
"441","13113",-0.0520042218267918
"442","13115",-0.0423743836581707
"443","13117",-0.0521991290152073
"444","13119",NA
"445","13121",-0.0483532287180424
"446","13123",-0.106982283294201
"447","13125",NA
"448","13127",-0.0552036128938198
"449","13129",-0.0431901626288891
"450","13131",NA
"451","13133",-0.0210418067872524
"452","13135",-0.114055432379246
"453","13137",-0.0922989323735237
"454","13139",-0.0725927278399467
"455","13141",NA
"456","13143",NA
"457","13145",NA
"458","13147",NA
"459","13149",NA
"460","13151",-0.133804440498352
"461","13153",-0.0137794148176908
"462","13155",NA
"463","13157",-0.0531073324382305
"464","13159",NA
"465","13161",NA
"466","13163",NA
"467","13165",NA
"468","13167",NA
"469","13169",-0.061816893517971
"470","13171",NA
"471","13173",NA
"472","13175",NA
"473","13177",-0.00891172606498003
"474","13179",-0.0157981123775244
"475","13181",NA
"476","13183",NA
"477","13185",-0.0303719900548458
"478","13187",-0.065960168838501
"479","13189",NA
"480","13191",NA
"481","13193",NA
"482","13195",NA
"483","13197",NA
"484","13199",NA
"485","13201",NA
"486","13205",NA
"487","13207",NA
"488","13209",NA
"489","13211",NA
"490","13213",-0.054671261459589
"491","13215",-0.0219430439174175
"492","13217",-0.199492841959
"493","13219",-0.00467924308031797
"494","13221",NA
"495","13223",-0.140951126813889
"496","13225",NA
"497","13227",-0.053496178239584
"498","13229",NA
"499","13231",NA
"500","13233",NA
"501","13235",NA
"502","13237",NA
"503","13239",NA
"504","13241",NA
"505","13243",NA
"506","13245",-0.0249089319258928
"507","13247",-0.189680486917496
"508","13249",NA
"509","13251",NA
"510","13253",NA
"511","13255",-0.100752003490925
"512","13257",NA
"513","13259",NA
"514","13261",NA
"515","13263",NA
"516","13265",NA
"517","13267",NA
"518","13269",NA
"519","13271",NA
"520","13273",NA
"521","13275",NA
"522","13277",NA
"523","13279",NA
"524","13281",NA
"525","13283",NA
"526","13285",-0.057708740234375
"527","13287",NA
"528","13289",NA
"529","13291",-0.0796255841851234
"530","13293",NA
"531","13295",NA
"532","13297",-0.0946883410215378
"533","13299",NA
"534","13301",NA
"535","13303",NA
"536","13305",NA
"537","13307",NA
"538","13309",NA
"539","13311",-0.0654417127370834
"540","13313",-0.0424739122390747
"541","13315",NA
"542","13317",NA
"543","13319",NA
"544","13321",NA
"545","15001",-0.166361927986145
"546","15003",-0.0824061408638954
"547","15007",-0.155416250228882
"548","15009",-0.11319512873888
"549","16001",-0.120235159993172
"550","16003",NA
"551","16005",-0.0928907245397568
"552","16007",NA
"553","16009",NA
"554","16011",NA
"555","16013",NA
"556","16015",NA
"557","16017",NA
"558","16019",-0.034948468208313
"559","16021",NA
"560","16023",NA
"561","16025",NA
"562","16027",-0.190471231937408
"563","16029",NA
"564","16031",NA
"565","16033",NA
"566","16035",NA
"567","16037",NA
"568","16039",NA
"569","16041",NA
"570","16043",NA
"571","16045",NA
"572","16047",NA
"573","16049",NA
"574","16051",NA
"575","16053",NA
"576","16055",-0.0706861689686775
"577","16057",NA
"578","16059",NA
"579","16061",NA
"580","16063",NA
"581","16065",NA
"582","16067",NA
"583","16069",-0.0741447657346725
"584","16071",NA
"585","16073",NA
"586","16075",NA
"587","16077",NA
"588","16079",NA
"589","16081",NA
"590","16083",-0.0210178643465042
"591","16085",NA
"592","16087",NA
"593","17001",NA
"594","17003",NA
"595","17005",NA
"596","17007",-0.109507866203785
"597","17009",NA
"598","17011",NA
"599","17013",NA
"600","17015",NA
"601","17017",NA
"602","17019",-0.00569875538349152
"603","17021",-0.0347286462783813
"604","17023",NA
"605","17025",NA
"606","17027",NA
"607","17029",NA
"608","17031",-0.101308323442936
"609","17033",NA
"610","17035",NA
"611","17037",-0.0785694122314453
"612","17039",NA
"613","17041",NA
"614","17043",-0.0809428170323372
"615","17045",NA
"616","17047",NA
"617","17049",NA
"618","17051",NA
"619","17053",NA
"620","17055",NA
"621","17057",NA
"622","17059",NA
"623","17061",NA
"624","17063",-0.0800923928618431
"625","17065",NA
"626","17067",NA
"627","17069",NA
"628","17071",NA
"629","17073",NA
"630","17075",NA
"631","17077",NA
"632","17079",NA
"633","17081",NA
"634","17083",NA
"635","17085",NA
"636","17087",NA
"637","17089",-0.112351819872856
"638","17091",NA
"639","17093",-0.139609888195992
"640","17095",NA
"641","17097",-0.0556173883378506
"642","17099",-0.0547146201133728
"643","17101",NA
"644","17103",NA
"645","17105",-0.0314911231398582
"646","17107",NA
"647","17109",NA
"648","17111",-0.131363719701767
"649","17113",-0.00336197065189481
"650","17115",-0.0143418656662107
"651","17117",NA
"652","17119",-0.00904789473861456
"653","17121",NA
"654","17123",NA
"655","17125",NA
"656","17127",NA
"657","17129",NA
"658","17131",NA
"659","17133",-0.0278125405311584
"660","17135",NA
"661","17137",NA
"662","17139",NA
"663","17141",NA
"664","17143",-0.00464526889845729
"665","17145",NA
"666","17147",NA
"667","17149",NA
"668","17151",NA
"669","17153",NA
"670","17155",NA
"671","17157",NA
"672","17159",NA
"673","17161",0.00110933126416057
"674","17163",-0.0248481761664152
"675","17165",NA
"676","17167",0.00482314173132181
"677","17169",NA
"678","17171",NA
"679","17173",NA
"680","17175",NA
"681","17177",NA
"682","17179",0.00434645917266607
"683","17181",NA
"684","17183",-0.0389605574309826
"685","17185",NA
"686","17187",NA
"687","17189",NA
"688","17191",NA
"689","17193",NA
"690","17195",NA
"691","17197",-0.115934506058693
"692","17199",NA
"693","17201",-0.0533409304916859
"694","17203",-0.0159499309957027
"695","18001",NA
"696","18003",-0.0315578877925873
"697","18005",NA
"698","18007",NA
"699","18009",NA
"700","18011",-0.0197841115295887
"701","18013",NA
"702","18015",NA
"703","18017",NA
"704","18019",NA
"705","18021",NA
"706","18023",NA
"707","18025",NA
"708","18027",NA
"709","18029",NA
"710","18031",NA
"711","18033",NA
"712","18035",NA
"713","18037",NA
"714","18039",-0.0556647144258022
"715","18041",NA
"716","18043",NA
"717","18045",NA
"718","18047",NA
"719","18049",NA
"720","18051",NA
"721","18053",NA
"722","18055",NA
"723","18057",-0.032822422683239
"724","18059",-0.0360626690089703
"725","18061",NA
"726","18063",-0.0385749749839306
"727","18065",NA
"728","18067",-0.0452971719205379
"729","18069",NA
"730","18071",NA
"731","18073",NA
"732","18075",NA
"733","18077",NA
"734","18079",NA
"735","18081",-0.0211220476776361
"736","18083",NA
"737","18085",NA
"738","18087",NA
"739","18089",-0.046810582280159
"740","18091",NA
"741","18093",NA
"742","18095",NA
"743","18097",-0.0453265197575092
"744","18099",NA
"745","18101",NA
"746","18103",NA
"747","18105",NA
"748","18107",NA
"749","18109",NA
"750","18111",NA
"751","18113",NA
"752","18115",NA
"753","18117",NA
"754","18119",NA
"755","18121",NA
"756","18123",NA
"757","18125",NA
"758","18127",-0.0152642969042063
"759","18129",NA
"760","18131",NA
"761","18133",NA
"762","18135",NA
"763","18137",NA
"764","18139",NA
"765","18141",-0.00413840264081955
"766","18143",NA
"767","18145",NA
"768","18147",NA
"769","18149",NA
"770","18151",NA
"771","18153",NA
"772","18155",NA
"773","18157",-0.0320889465510845
"774","18159",NA
"775","18161",NA
"776","18163",NA
"777","18165",NA
"778","18167",NA
"779","18169",NA
"780","18171",NA
"781","18173",NA
"782","18175",NA
"783","18177",NA
"784","18179",NA
"785","18181",NA
"786","18183",NA
"787","19001",NA
"788","19003",NA
"789","19005",NA
"790","19007",NA
"791","19009",NA
"792","19011",NA
"793","19013",0.0133254043757915
"794","19015",NA
"795","19017",NA
"796","19019",NA
"797","19021",NA
"798","19023",NA
"799","19025",NA
"800","19027",NA
"801","19029",NA
"802","19031",NA
"803","19033",0.0130673414096236
"804","19035",NA
"805","19037",NA
"806","19039",NA
"807","19041",NA
"808","19043",NA
"809","19045",NA
"810","19047",NA
"811","19049",-0.0164349377155304
"812","19051",NA
"813","19053",NA
"814","19055",NA
"815","19057",NA
"816","19059",NA
"817","19061",0.0109929563477635
"818","19063",NA
"819","19065",NA
"820","19067",NA
"821","19069",NA
"822","19071",NA
"823","19073",NA
"824","19075",NA
"825","19077",NA
"826","19079",NA
"827","19081",NA
"828","19083",NA
"829","19085",NA
"830","19087",NA
"831","19089",NA
"832","19091",NA
"833","19093",NA
"834","19095",NA
"835","19097",NA
"836","19099",NA
"837","19101",NA
"838","19103",-0.000658165372442454
"839","19105",NA
"840","19107",NA
"841","19109",NA
"842","19111",NA
"843","19113",0.00855657644569874
"844","19115",NA
"845","19117",NA
"846","19119",NA
"847","19121",NA
"848","19123",NA
"849","19125",NA
"850","19127",0.0214879475533962
"851","19129",NA
"852","19131",NA
"853","19133",NA
"854","19135",NA
"855","19137",NA
"856","19139",-0.000574873411096632
"857","19141",NA
"858","19143",NA
"859","19145",NA
"860","19147",NA
"861","19149",NA
"862","19151",NA
"863","19153",-0.0113260177895427
"864","19155",-0.0096783684566617
"865","19157",NA
"866","19159",NA
"867","19161",NA
"868","19163",0.00800519529730082
"869","19165",NA
"870","19167",NA
"871","19169",NA
"872","19171",NA
"873","19173",NA
"874","19175",NA
"875","19177",NA
"876","19179",NA
"877","19181",NA
"878","19183",NA
"879","19185",NA
"880","19187",NA
"881","19189",NA
"882","19191",NA
"883","19193",NA
"884","19195",NA
"885","19197",NA
"886","20001",-0.0154476556926966
"887","20003",NA
"888","20005",NA
"889","20007",NA
"890","20009",-0.0214220602065325
"891","20011",-0.0106261176988482
"892","20013",NA
"893","20015",-0.00999609101563692
"894","20017",NA
"895","20019",NA
"896","20021",NA
"897","20023",NA
"898","20025",NA
"899","20027",NA
"900","20029",NA
"901","20031",NA
"902","20033",NA
"903","20035",-0.0277551785111427
"904","20037",-0.0399072021245956
"905","20039",NA
"906","20041",0.00202029687352479
"907","20043",NA
"908","20045",-0.00458658486604691
"909","20047",NA
"910","20049",NA
"911","20051",-0.0101411212235689
"912","20053",NA
"913","20055",0.0205919593572617
"914","20057",-0.0133520206436515
"915","20059",-0.0681238546967506
"916","20061",-0.0266030468046665
"917","20063",NA
"918","20065",NA
"919","20067",NA
"920","20069",NA
"921","20071",NA
"922","20073",NA
"923","20075",NA
"924","20077",NA
"925","20079",NA
"926","20081",NA
"927","20083",NA
"928","20085",NA
"929","20087",NA
"930","20089",NA
"931","20091",-0.0258504748344421
"932","20093",NA
"933","20095",NA
"934","20097",NA
"935","20099",0.00265106093138456
"936","20101",NA
"937","20103",-0.040497187525034
"938","20105",NA
"939","20107",NA
"940","20109",NA
"941","20111",-0.0320822931826115
"942","20113",-0.0163384731858969
"943","20115",NA
"944","20117",NA
"945","20119",NA
"946","20121",NA
"947","20123",NA
"948","20125",NA
"949","20127",NA
"950","20129",NA
"951","20131",NA
"952","20133",-0.0152969742193818
"953","20135",NA
"954","20137",NA
"955","20139",NA
"956","20141",NA
"957","20143",NA
"958","20145",NA
"959","20147",NA
"960","20149",NA
"961","20151",0.0264929700642824
"962","20153",NA
"963","20155",0.00252830423414707
"964","20157",NA
"965","20159",NA
"966","20161",-0.00818540435284376
"967","20163",NA
"968","20165",NA
"969","20167",NA
"970","20169",NA
"971","20171",NA
"972","20173",-0.0285032466053963
"973","20175",-0.000695403083227575
"974","20177",NA
"975","20179",NA
"976","20181",-0.0256100688129663
"977","20183",NA
"978","20185",NA
"979","20187",NA
"980","20189",NA
"981","20191",-0.0472293980419636
"982","20193",-0.00464252615347505
"983","20195",NA
"984","20197",NA
"985","20199",NA
"986","20201",NA
"987","20203",NA
"988","20205",NA
"989","20207",NA
"990","20209",-0.0594608187675476
"991","21001",NA
"992","21003",NA
"993","21005",-0.0208498295396566
"994","21007",NA
"995","21009",-0.0162322130054235
"996","21011",NA
"997","21013",NA
"998","21015",-0.024498799815774
"999","21017",NA
"1000","21019",-0.03269262611866
"1001","21021",NA
"1002","21023",NA
"1003","21025",NA
"1004","21027",NA
"1005","21029",-0.0101488400250673
"1006","21031",NA
"1007","21033",NA
"1008","21035",NA
"1009","21037",-0.0403271429240704
"1010","21039",NA
"1011","21041",NA
"1012","21043",NA
"1013","21045",NA
"1014","21047",0.0173398219048977
"1015","21049",-0.0347128063440323
"1016","21051",NA
"1017","21053",NA
"1018","21055",NA
"1019","21057",NA
"1020","21059",NA
"1021","21061",NA
"1022","21063",NA
"1023","21065",NA
"1024","21067",-0.0128840291872621
"1025","21069",NA
"1026","21071",NA
"1027","21073",NA
"1028","21075",NA
"1029","21077",NA
"1030","21079",NA
"1031","21081",NA
"1032","21083",0.0196691285818815
"1033","21085",NA
"1034","21087",NA
"1035","21089",NA
"1036","21091",NA
"1037","21093",-0.0117345172911882
"1038","21095",NA
"1039","21097",-0.0479903444647789
"1040","21099",NA
"1041","21101",NA
"1042","21103",NA
"1043","21105",NA
"1044","21107",0.00946413539350033
"1045","21109",NA
"1046","21111",-0.0110977478325367
"1047","21113",-0.0205675922334194
"1048","21115",NA
"1049","21117",-0.0161335449665785
"1050","21119",NA
"1051","21121",NA
"1052","21123",NA
"1053","21125",-0.0189152602106333
"1054","21127",NA
"1055","21129",NA
"1056","21131",NA
"1057","21133",NA
"1058","21135",NA
"1059","21137",NA
"1060","21139",NA
"1061","21141",NA
"1062","21143",NA
"1063","21145",-0.00279465224593878
"1064","21147",NA
"1065","21149",NA
"1066","21151",NA
"1067","21153",NA
"1068","21155",NA
"1069","21157",NA
"1070","21159",NA
"1071","21161",NA
"1072","21163",NA
"1073","21165",NA
"1074","21167",NA
"1075","21169",NA
"1076","21171",NA
"1077","21173",NA
"1078","21175",NA
"1079","21177",NA
"1080","21179",-0.00750605575740337
"1081","21181",NA
"1082","21183",NA
"1083","21185",-0.0217502526938915
"1084","21187",NA
"1085","21189",NA
"1086","21191",NA
"1087","21193",NA
"1088","21195",NA
"1089","21197",NA
"1090","21199",NA
"1091","21201",NA
"1092","21203",NA
"1093","21205",NA
"1094","21207",NA
"1095","21209",NA
"1096","21211",NA
"1097","21213",NA
"1098","21215",-0.0219006277620792
"1099","21217",NA
"1100","21219",NA
"1101","21221",NA
"1102","21223",NA
"1103","21225",NA
"1104","21227",NA
"1105","21229",NA
"1106","21231",NA
"1107","21233",NA
"1108","21235",NA
"1109","21237",NA
"1110","21239",NA
"1111","22001",NA
"1112","22003",NA
"1113","22005",0.00581317348405719
"1114","22007",NA
"1115","22009",NA
"1116","22011",NA
"1117","22013",NA
"1118","22015",0.00611965917050838
"1119","22017",-0.0238960776478052
"1120","22019",NA
"1121","22021",NA
"1122","22023",NA
"1123","22025",NA
"1124","22027",NA
"1125","22029",NA
"1126","22031",NA
"1127","22033",0.00277041457593441
"1128","22035",NA
"1129","22037",NA
"1130","22039",NA
"1131","22041",NA
"1132","22043",NA
"1133","22045",NA
"1134","22047",NA
"1135","22049",NA
"1136","22051",-0.0189972501248121
"1137","22053",NA
"1138","22055",-0.00153841148130596
"1139","22057",NA
"1140","22059",NA
"1141","22061",0.0131572000682354
"1142","22063",-0.0296750459820032
"1143","22065",NA
"1144","22067",NA
"1145","22069",NA
"1146","22071",-0.00710129970684648
"1147","22073",0.000495466112624854
"1148","22075",NA
"1149","22077",NA
"1150","22079",NA
"1151","22081",NA
"1152","22083",NA
"1153","22085",NA
"1154","22087",NA
"1155","22089",NA
"1156","22091",NA
"1157","22093",NA
"1158","22095",NA
"1159","22097",NA
"1160","22099",NA
"1161","22101",NA
"1162","22103",-0.0440774708986282
"1163","22105",-0.040561817586422
"1164","22107",NA
"1165","22109",0.0283295586705208
"1166","22111",NA
"1167","22113",NA
"1168","22115",NA
"1169","22117",NA
"1170","22119",NA
"1171","22121",NA
"1172","22123",NA
"1173","22125",NA
"1174","22127",NA
"1175","23001",NA
"1176","23003",NA
"1177","23005",NA
"1178","23007",NA
"1179","23009",NA
"1180","23011",NA
"1181","23013",NA
"1182","23015",NA
"1183","23017",NA
"1184","23019",-0.0487469546496868
"1185","23021",NA
"1186","23023",NA
"1187","23025",NA
"1188","23027",NA
"1189","23029",NA
"1190","23031",NA
"1191","24001",-0.0542414076626301
"1192","24003",-0.102051094174385
"1193","24005",-0.0535941869020462
"1194","24009",-0.187400445342064
"1195","24011",NA
"1196","24013",-0.109170973300934
"1197","24015",-0.122617088258266
"1198","24017",-0.334280014038086
"1199","24019",-0.139515474438667
"1200","24021",-0.192177593708038
"1201","24023",-0.0708249285817146
"1202","24025",-0.0836291685700417
"1203","24027",-0.0935275331139565
"1204","24029",NA
"1205","24031",-0.0796802416443825
"1206","24033",-0.37140291929245
"1207","24035",NA
"1208","24037",-0.200664162635803
"1209","24039",NA
"1210","24041",-0.0747092068195343
"1211","24043",-0.127755671739578
"1212","24045",-0.0766405016183853
"1213","24047",-0.162625372409821
"1214","24510",-0.0916215926408768
"1215","25001",-0.0776960253715515
"1216","25003",-0.0654034540057182
"1217","25005",-0.12763237953186
"1218","25007",NA
"1219","25009",-0.0823356285691261
"1220","25011",-0.0439510345458984
"1221","25013",-0.0656644552946091
"1222","25015",-0.0149275874719024
"1223","25017",-0.0328875184059143
"1224","25019",NA
"1225","25021",-0.0317722670733929
"1226","25023",-0.101639673113823
"1227","25025",-0.055423378944397
"1228","25027",-0.121985577046871
"1229","26001",NA
"1230","26003",NA
"1231","26005",NA
"1232","26007",NA
"1233","26009",NA
"1234","26011",NA
"1235","26013",NA
"1236","26015",-0.101146183907986
"1237","26017",-0.10320570319891
"1238","26019",NA
"1239","26021",NA
"1240","26023",NA
"1241","26025",-0.140463605523109
"1242","26027",NA
"1243","26029",NA
"1244","26031",NA
"1245","26033",NA
"1246","26035",NA
"1247","26037",NA
"1248","26039",NA
"1249","26041",NA
"1250","26043",NA
"1251","26045",-0.0914066582918167
"1252","26047",NA
"1253","26049",-0.129010200500488
"1254","26051",NA
"1255","26053",NA
"1256","26055",-0.0835720300674438
"1257","26057",NA
"1258","26059",NA
"1259","26061",NA
"1260","26063",NA
"1261","26065",-0.151656866073608
"1262","26067",NA
"1263","26069",NA
"1264","26071",NA
"1265","26073",NA
"1266","26075",NA
"1267","26077",-0.0689871683716774
"1268","26079",NA
"1269","26081",-0.0877427160739899
"1270","26083",NA
"1271","26085",NA
"1272","26087",NA
"1273","26089",NA
"1274","26091",NA
"1275","26093",-0.161366313695908
"1276","26095",NA
"1277","26097",NA
"1278","26099",-0.216284275054932
"1279","26101",NA
"1280","26103",-0.0936519131064415
"1281","26105",NA
"1282","26107",NA
"1283","26109",NA
"1284","26111",-0.0603260174393654
"1285","26113",NA
"1286","26115",-0.179155573248863
"1287","26117",-0.147410050034523
"1288","26119",NA
"1289","26121",NA
"1290","26123",NA
"1291","26125",-0.14255553483963
"1292","26127",NA
"1293","26129",NA
"1294","26131",NA
"1295","26133",NA
"1296","26135",NA
"1297","26137",NA
"1298","26139",-0.0507208593189716
"1299","26141",NA
"1300","26143",NA
"1301","26145",-0.138893291354179
"1302","26147",NA
"1303","26149",NA
"1304","26151",NA
"1305","26153",NA
"1306","26155",NA
"1307","26157",NA
"1308","26159",NA
"1309","26161",-0.0687265321612358
"1310","26163",-0.218085184693336
"1311","26165",-0.0998025462031364
"1312","27001",NA
"1313","27003",-0.165827378630638
"1314","27005",-0.0704325810074806
"1315","27007",NA
"1316","27009",NA
"1317","27011",NA
"1318","27013",-0.0560563057661057
"1319","27015",-0.0365127474069595
"1320","27017",-0.0411889441311359
"1321","27019",-0.0878960937261581
"1322","27021",NA
"1323","27023",NA
"1324","27025",-0.156021565198898
"1325","27027",0.0151135362684727
"1326","27029",NA
"1327","27031",NA
"1328","27033",NA
"1329","27035",NA
"1330","27037",-0.102576486766338
"1331","27039",-0.106578715145588
"1332","27041",NA
"1333","27043",NA
"1334","27045",NA
"1335","27047",-0.0822416320443153
"1336","27049",-0.0703703239560127
"1337","27051",NA
"1338","27053",-0.0734838619828224
"1339","27055",NA
"1340","27057",NA
"1341","27059",-0.160149678587914
"1342","27061",NA
"1343","27063",NA
"1344","27065",NA
"1345","27067",NA
"1346","27069",NA
"1347","27071",NA
"1348","27073",NA
"1349","27075",NA
"1350","27077",NA
"1351","27079",NA
"1352","27081",NA
"1353","27083",NA
"1354","27085",NA
"1355","27087",NA
"1356","27089",NA
"1357","27091",NA
"1358","27093",NA
"1359","27095",NA
"1360","27097",NA
"1361","27099",NA
"1362","27101",NA
"1363","27103",-0.0664588883519173
"1364","27105",NA
"1365","27107",NA
"1366","27109",-0.0357054248452187
"1367","27111",-0.063445009291172
"1368","27113",NA
"1369","27115",-0.0944013297557831
"1370","27117",NA
"1371","27119",NA
"1372","27121",NA
"1373","27123",-0.102006331086159
"1374","27125",NA
"1375","27127",NA
"1376","27129",NA
"1377","27131",-0.0965863987803459
"1378","27133",NA
"1379","27135",NA
"1380","27137",-0.0247922148555517
"1381","27139",-0.106983862817287
"1382","27141",-0.143954277038574
"1383","27143",NA
"1384","27145",-0.0677224025130272
"1385","27147",-0.15130378305912
"1386","27149",NA
"1387","27151",NA
"1388","27153",NA
"1389","27155",NA
"1390","27157",NA
"1391","27159",NA
"1392","27161",NA
"1393","27163",-0.118446215987206
"1394","27165",NA
"1395","27167",NA
"1396","27169",-0.0585158951580524
"1397","27171",-0.181528523564339
"1398","27173",NA
"1399","28001",NA
"1400","28003",NA
"1401","28005",NA
"1402","28007",NA
"1403","28009",NA
"1404","28011",NA
"1405","28013",NA
"1406","28015",NA
"1407","28017",NA
"1408","28019",NA
"1409","28021",NA
"1410","28023",NA
"1411","28025",NA
"1412","28027",NA
"1413","28029",NA
"1414","28031",NA
"1415","28033",-0.0573664121329784
"1416","28035",NA
"1417","28037",NA
"1418","28039",NA
"1419","28041",NA
"1420","28043",NA
"1421","28045",NA
"1422","28047",NA
"1423","28049",NA
"1424","28051",NA
"1425","28053",NA
"1426","28055",NA
"1427","28057",NA
"1428","28059",NA
"1429","28061",NA
"1430","28063",NA
"1431","28065",NA
"1432","28067",NA
"1433","28069",NA
"1434","28071",NA
"1435","28073",NA
"1436","28075",NA
"1437","28077",NA
"1438","28079",NA
"1439","28081",NA
"1440","28083",NA
"1441","28085",NA
"1442","28087",NA
"1443","28089",NA
"1444","28091",NA
"1445","28093",NA
"1446","28095",NA
"1447","28097",NA
"1448","28099",NA
"1449","28101",NA
"1450","28103",NA
"1451","28105",NA
"1452","28107",NA
"1453","28109",NA
"1454","28111",NA
"1455","28113",NA
"1456","28115",NA
"1457","28117",NA
"1458","28119",NA
"1459","28121",NA
"1460","28123",NA
"1461","28125",NA
"1462","28127",NA
"1463","28129",NA
"1464","28131",NA
"1465","28133",NA
"1466","28135",NA
"1467","28137",NA
"1468","28139",NA
"1469","28141",NA
"1470","28143",NA
"1471","28145",NA
"1472","28147",NA
"1473","28149",NA
"1474","28151",NA
"1475","28153",NA
"1476","28155",NA
"1477","28157",NA
"1478","28159",NA
"1479","28161",NA
"1480","28163",NA
"1481","29001",NA
"1482","29003",NA
"1483","29005",NA
"1484","29007",NA
"1485","29009",NA
"1486","29011",NA
"1487","29013",NA
"1488","29015",NA
"1489","29017",NA
"1490","29019",NA
"1491","29021",NA
"1492","29023",NA
"1493","29025",NA
"1494","29027",NA
"1495","29029",NA
"1496","29031",NA
"1497","29033",NA
"1498","29035",NA
"1499","29037",-0.0674423947930336
"1500","29039",NA
"1501","29041",NA
"1502","29043",-0.0742260962724686
"1503","29045",NA
"1504","29047",-0.0518764592707157
"1505","29049",NA
"1506","29051",NA
"1507","29053",NA
"1508","29055",NA
"1509","29057",NA
"1510","29059",NA
"1511","29061",NA
"1512","29063",NA
"1513","29065",NA
"1514","29067",NA
"1515","29069",NA
"1516","29071",-0.0322839170694351
"1517","29073",NA
"1518","29075",NA
"1519","29077",-0.0270887948572636
"1520","29079",NA
"1521","29081",NA
"1522","29083",NA
"1523","29085",NA
"1524","29087",NA
"1525","29089",NA
"1526","29091",NA
"1527","29093",NA
"1528","29095",-0.0584656186401844
"1529","29097",NA
"1530","29099",NA
"1531","29101",NA
"1532","29103",NA
"1533","29105",NA
"1534","29107",NA
"1535","29109",NA
"1536","29111",NA
"1537","29113",NA
"1538","29115",NA
"1539","29117",NA
"1540","29119",NA
"1541","29121",NA
"1542","29123",NA
"1543","29125",NA
"1544","29127",NA
"1545","29129",NA
"1546","29131",NA
"1547","29133",NA
"1548","29135",NA
"1549","29137",NA
"1550","29139",NA
"1551","29141",NA
"1552","29143",NA
"1553","29145",NA
"1554","29147",NA
"1555","29149",NA
"1556","29151",NA
"1557","29153",NA
"1558","29155",NA
"1559","29157",NA
"1560","29159",NA
"1561","29161",NA
"1562","29163",NA
"1563","29165",-0.0286105945706367
"1564","29167",NA
"1565","29169",NA
"1566","29171",NA
"1567","29173",NA
"1568","29175",-0.0463986620306969
"1569","29177",NA
"1570","29179",NA
"1571","29181",NA
"1572","29183",-0.0377629511058331
"1573","29185",NA
"1574","29186",NA
"1575","29187",NA
"1576","29189",-0.0394950658082962
"1577","29195",NA
"1578","29197",NA
"1579","29199",NA
"1580","29201",NA
"1581","29203",NA
"1582","29205",NA
"1583","29207",NA
"1584","29209",NA
"1585","29211",NA
"1586","29213",NA
"1587","29215",NA
"1588","29217",NA
"1589","29219",NA
"1590","29221",NA
"1591","29223",NA
"1592","29225",NA
"1593","29227",NA
"1594","29229",NA
"1595","29510",-0.0756944268941879
"1596","30001",NA
"1597","30003",NA
"1598","30005",NA
"1599","30007",NA
"1600","30009",NA
"1601","30011",NA
"1602","30013",-0.013422779738903
"1603","30015",NA
"1604","30017",NA
"1605","30019",NA
"1606","30021",NA
"1607","30023",NA
"1608","30025",NA
"1609","30027",NA
"1610","30029",-0.0655650645494461
"1611","30031",-0.038701020181179
"1612","30033",NA
"1613","30035",NA
"1614","30037",NA
"1615","30039",NA
"1616","30041",NA
"1617","30043",NA
"1618","30045",NA
"1619","30047",NA
"1620","30049",-0.0878274291753769
"1621","30051",NA
"1622","30053",NA
"1623","30055",NA
"1624","30057",NA
"1625","30059",NA
"1626","30061",NA
"1627","30063",-0.0522728562355042
"1628","30065",NA
"1629","30067",NA
"1630","30069",NA
"1631","30071",NA
"1632","30073",NA
"1633","30075",NA
"1634","30077",NA
"1635","30079",NA
"1636","30081",NA
"1637","30083",NA
"1638","30085",NA
"1639","30087",NA
"1640","30089",NA
"1641","30091",NA
"1642","30093",NA
"1643","30095",NA
"1644","30097",NA
"1645","30099",NA
"1646","30101",NA
"1647","30103",NA
"1648","30105",NA
"1649","30107",NA
"1650","30109",NA
"1651","30111",0.00733494851738214
"1652","31001",NA
"1653","31003",NA
"1654","31005",NA
"1655","31007",NA
"1656","31009",NA
"1657","31011",NA
"1658","31013",NA
"1659","31015",NA
"1660","31017",NA
"1661","31019",NA
"1662","31021",NA
"1663","31023",NA
"1664","31025",NA
"1665","31027",NA
"1666","31029",NA
"1667","31031",NA
"1668","31033",NA
"1669","31035",NA
"1670","31037",NA
"1671","31039",NA
"1672","31041",NA
"1673","31043",NA
"1674","31045",NA
"1675","31047",NA
"1676","31049",NA
"1677","31051",NA
"1678","31053",-0.0193149857223034
"1679","31055",-0.00642839353531599
"1680","31057",NA
"1681","31059",NA
"1682","31061",NA
"1683","31063",NA
"1684","31065",NA
"1685","31067",0.00376441283151507
"1686","31069",NA
"1687","31071",NA
"1688","31073",NA
"1689","31075",NA
"1690","31077",NA
"1691","31079",0.00956586562097073
"1692","31081",NA
"1693","31083",NA
"1694","31085",NA
"1695","31087",NA
"1696","31089",NA
"1697","31091",NA
"1698","31093",NA
"1699","31095",NA
"1700","31097",NA
"1701","31099",NA
"1702","31101",NA
"1703","31103",NA
"1704","31105",NA
"1705","31107",NA
"1706","31109",-0.00337878987193108
"1707","31111",-0.00512034958228469
"1708","31113",NA
"1709","31115",NA
"1710","31117",NA
"1711","31119",0.0161523688584566
"1712","31121",NA
"1713","31123",NA
"1714","31125",NA
"1715","31127",NA
"1716","31129",NA
"1717","31131",NA
"1718","31133",NA
"1719","31135",NA
"1720","31137",NA
"1721","31139",NA
"1722","31141",0.0193932317197323
"1723","31143",NA
"1724","31145",NA
"1725","31147",NA
"1726","31149",NA
"1727","31151",NA
"1728","31153",-0.00222962978295982
"1729","31155",NA
"1730","31157",0.0171729195863008
"1731","31159",NA
"1732","31161",NA
"1733","31163",NA
"1734","31165",NA
"1735","31167",NA
"1736","31169",NA
"1737","31171",NA
"1738","31173",NA
"1739","31175",NA
"1740","31177",NA
"1741","31179",NA
"1742","31181",NA
"1743","31183",NA
"1744","31185",NA
"1745","32001",-0.279163807630539
"1746","32003",-0.201626181602478
"1747","32005",-0.201573327183723
"1748","32007",-0.245188847184181
"1749","32009",NA
"1750","32011",NA
"1751","32013",-0.235214024782181
"1752","32015",NA
"1753","32017",NA
"1754","32019",-0.306433320045471
"1755","32021",NA
"1756","32023",-0.373748511075974
"1757","32027",NA
"1758","32029",NA
"1759","32031",-0.166293933987617
"1760","32033",NA
"1761","32510",-0.262990087270737
"1762","33001",NA
"1763","33003",NA
"1764","33005",-0.0120777171105146
"1765","33007",NA
"1766","33009",NA
"1767","33011",-0.0368381068110466
"1768","33013",NA
"1769","33015",-0.0364055633544922
"1770","33017",-0.0341741256415844
"1771","33019",NA
"1772","34001",-0.134513974189758
"1773","34003",-0.0582929886877537
"1774","34005",-0.0599108152091503
"1775","34007",-0.0685060694813728
"1776","34009",-0.131240859627724
"1777","34011",-0.0785275399684906
"1778","34013",-0.127897799015045
"1779","34015",-0.0659265443682671
"1780","34017",-0.169910028576851
"1781","34019",-0.0870298072695732
"1782","34021",-0.044563427567482
"1783","34023",-0.0884356126189232
"1784","34025",-0.0700366422533989
"1785","34027",-0.0596488974988461
"1786","34029",-0.0950041189789772
"1787","34031",-0.188692972064018
"1788","34033",NA
"1789","34035",-0.0528322495520115
"1790","34037",-0.128234252333641
"1791","34039",-0.126488745212555
"1792","34041",-0.129256546497345
"1793","35001",-0.060400377959013
"1794","35003",NA
"1795","35005",-0.0369775258004665
"1796","35006",NA
"1797","35007",NA
"1798","35009",NA
"1799","35011",NA
"1800","35013",-0.0739177763462067
"1801","35015",NA
"1802","35017",NA
"1803","35019",NA
"1804","35021",NA
"1805","35023",NA
"1806","35025",NA
"1807","35027",NA
"1808","35028",NA
"1809","35029",NA
"1810","35031",NA
"1811","35033",NA
"1812","35035",-0.0369392968714237
"1813","35037",NA
"1814","35039",NA
"1815","35041",NA
"1816","35043",-0.129401966929436
"1817","35045",NA
"1818","35047",NA
"1819","35049",-0.0527854263782501
"1820","35051",NA
"1821","35053",NA
"1822","35055",NA
"1823","35057",NA
"1824","35059",NA
"1825","35061",-0.0653594881296158
"1826","36001",-0.00194978807121515
"1827","36003",NA
"1828","36005",-0.139439716935158
"1829","36007",-0.00612390646710992
"1830","36009",NA
"1831","36011",-0.0538860075175762
"1832","36013",-0.0789120569825172
"1833","36015",0.00377443246543407
"1834","36017",-0.0690769925713539
"1835","36019",-0.0439194552600384
"1836","36021",NA
"1837","36023",-0.00691517628729343
"1838","36025",NA
"1839","36027",-0.114386565983295
"1840","36029",0.00963931623846292
"1841","36031",NA
"1842","36033",NA
"1843","36035",-0.000471543055027723
"1844","36037",-0.0303062181919813
"1845","36039",NA
"1846","36041",NA
"1847","36043",NA
"1848","36045",0.0145778739824891
"1849","36047",-0.0703976228833199
"1850","36049",NA
"1851","36051",NA
"1852","36053",NA
"1853","36055",0.00392134673893452
"1854","36057",-0.0125398803502321
"1855","36059",-0.0822579562664032
"1856","36061",-0.00532992230728269
"1857","36063",-0.00774520449340343
"1858","36065",-0.0401864610612392
"1859","36067",0.00604398362338543
"1860","36069",-0.0025125308893621
"1861","36071",-0.132864207029343
"1862","36073",NA
"1863","36075",0.0268173944205046
"1864","36077",0.00242985668592155
"1865","36079",-0.0931515619158745
"1866","36081",-0.125365152955055
"1867","36083",0.0244113635271788
"1868","36085",-0.081352487206459
"1869","36087",-0.0625340715050697
"1870","36089",-0.0535110048949718
"1871","36091",-0.0103323105722666
"1872","36093",-0.0210126899182796
"1873","36095",NA
"1874","36097",NA
"1875","36099",NA
"1876","36101",-0.0259989313781261
"1877","36103",-0.10058831423521
"1878","36105",NA
"1879","36107",NA
"1880","36109",-0.0251393355429173
"1881","36111",-0.0829621776938438
"1882","36113",-0.0394863300025463
"1883","36115",NA
"1884","36117",NA
"1885","36119",-0.03795200958848
"1886","36121",NA
"1887","36123",NA
"1888","37001",-0.0318636558949947
"1889","37003",NA
"1890","37005",NA
"1891","37007",NA
"1892","37009",NA
"1893","37011",NA
"1894","37013",NA
"1895","37015",NA
"1896","37017",NA
"1897","37019",-0.0738751888275146
"1898","37021",-0.00777003820985556
"1899","37023",NA
"1900","37025",-0.0265659224241972
"1901","37027",-0.0228756088763475
"1902","37029",NA
"1903","37031",NA
"1904","37033",NA
"1905","37035",-0.0057915672659874
"1906","37037",0.00964976381510496
"1907","37039",-0.0570365004241467
"1908","37041",NA
"1909","37043",NA
"1910","37045",NA
"1911","37047",NA
"1912","37049",-0.0279196407645941
"1913","37051",0.0156876537948847
"1914","37053",NA
"1915","37055",-0.0246377736330032
"1916","37057",-0.034175731241703
"1917","37059",-0.0626676231622696
"1918","37061",NA
"1919","37063",-0.000259506196016446
"1920","37065",NA
"1921","37067",-0.0168949384242296
"1922","37069",-0.033236239105463
"1923","37071",-0.0358509831130505
"1924","37073",NA
"1925","37075",NA
"1926","37077",NA
"1927","37079",NA
"1928","37081",-0.0150397904217243
"1929","37083",NA
"1930","37085",NA
"1931","37087",-0.0281523186713457
"1932","37089",-0.0140431802719831
"1933","37091",NA
"1934","37093",0.0165921524167061
"1935","37095",NA
"1936","37097",-0.027746606618166
"1937","37099",NA
"1938","37101",-0.00900666508823633
"1939","37103",NA
"1940","37105",-0.00820149667561054
"1941","37107",NA
"1942","37109",-0.01240299269557
"1943","37111",NA
"1944","37113",-0.0713562816381454
"1945","37115",NA
"1946","37117",NA
"1947","37119",-0.0234156232327223
"1948","37121",NA
"1949","37123",NA
"1950","37125",0.00452404981479049
"1951","37127",-0.0141675528138876
"1952","37129",-0.0374222695827484
"1953","37131",NA
"1954","37133",0.0257223807275295
"1955","37135",-0.00644438248127699
"1956","37137",NA
"1957","37139",-0.0412595719099045
"1958","37141",NA
"1959","37143",NA
"1960","37145",NA
"1961","37147",-0.00263620307669044
"1962","37149",NA
"1963","37151",NA
"1964","37153",NA
"1965","37155",NA
"1966","37157",-0.0280843172222376
"1967","37159",NA
"1968","37161",NA
"1969","37163",NA
"1970","37165",NA
"1971","37167",NA
"1972","37169",-0.0586339607834816
"1973","37171",-0.0145291602239013
"1974","37173",NA
"1975","37175",NA
"1976","37177",NA
"1977","37179",-0.0481594055891037
"1978","37181",NA
"1979","37183",-0.00607555126771331
"1980","37185",NA
"1981","37187",NA
"1982","37189",NA
"1983","37191",NA
"1984","37193",NA
"1985","37195",NA
"1986","37197",NA
"1987","37199",NA
"1988","38001",NA
"1989","38003",NA
"1990","38005",NA
"1991","38007",NA
"1992","38009",NA
"1993","38011",NA
"1994","38013",NA
"1995","38015",0.0156402252614498
"1996","38017",0.00763303134590387
"1997","38019",NA
"1998","38021",NA
"1999","38023",NA
"2000","38025",NA
"2001","38027",NA
"2002","38029",NA
"2003","38031",NA
"2004","38033",NA
"2005","38035",-0.007894117385149
"2006","38037",NA
"2007","38039",NA
"2008","38041",NA
"2009","38043",NA
"2010","38045",NA
"2011","38047",NA
"2012","38049",NA
"2013","38051",NA
"2014","38053",NA
"2015","38055",NA
"2016","38057",NA
"2017","38059",-1.16832234198228e-06
"2018","38061",NA
"2019","38063",NA
"2020","38065",NA
"2021","38067",NA
"2022","38069",NA
"2023","38071",NA
"2024","38073",NA
"2025","38075",NA
"2026","38077",NA
"2027","38079",NA
"2028","38081",NA
"2029","38083",NA
"2030","38085",NA
"2031","38087",NA
"2032","38089",NA
"2033","38091",NA
"2034","38093",NA
"2035","38095",NA
"2036","38097",NA
"2037","38099",NA
"2038","38101",0.0432323403656483
"2039","38103",NA
"2040","38105",NA
"2041","39001",NA
"2042","39003",-0.0447267107665539
"2043","39005",-0.0403480753302574
"2044","39007",-0.107443258166313
"2045","39009",-0.0199387408792973
"2046","39011",-0.0204795505851507
"2047","39013",NA
"2048","39015",NA
"2049","39017",-0.0492713712155819
"2050","39019",NA
"2051","39021",-0.0307447668164968
"2052","39023",-0.0372328050434589
"2053","39025",-0.048996739089489
"2054","39027",0.00209751259535551
"2055","39029",-0.0322331264615059
"2056","39031",NA
"2057","39033",NA
"2058","39035",-0.0591759867966175
"2059","39037",-0.0159920584410429
"2060","39039",-0.0222227592021227
"2061","39041",-0.024359006434679
"2062","39043",-0.0296811256557703
"2063","39045",-0.0498470030725002
"2064","39047",-0.0646089911460876
"2065","39049",-0.0321592465043068
"2066","39051",NA
"2067","39053",NA
"2068","39055",-0.0449427105486393
"2069","39057",0.00300623313523829
"2070","39059",NA
"2071","39061",-0.0260158255696297
"2072","39063",-0.0220770537853241
"2073","39065",NA
"2074","39067",NA
"2075","39069",NA
"2076","39071",-0.0619601607322693
"2077","39073",NA
"2078","39075",NA
"2079","39077",-0.039805606007576
"2080","39079",NA
"2081","39081",NA
"2082","39083",-0.0225555188953876
"2083","39085",-0.0638974383473396
"2084","39087",NA
"2085","39089",-0.0344437509775162
"2086","39091",NA
"2087","39093",-0.0694957375526428
"2088","39095",-0.0695281475782394
"2089","39097",0.0190186966210604
"2090","39099",-0.0417086184024811
"2091","39101",NA
"2092","39103",-0.0228927284479141
"2093","39105",NA
"2094","39107",NA
"2095","39109",-0.0317149870097637
"2096","39111",NA
"2097","39113",-0.039682149887085
"2098","39115",NA
"2099","39117",NA
"2100","39119",-0.0360367521643639
"2101","39121",NA
"2102","39123",-0.0751873403787613
"2103","39125",NA
"2104","39127",NA
"2105","39129",-0.0536286868155003
"2106","39131",NA
"2107","39133",-0.0328315570950508
"2108","39135",-0.0204057283699512
"2109","39137",NA
"2110","39139",-0.0740703046321869
"2111","39141",-0.0856286585330963
"2112","39143",-0.0538969971239567
"2113","39145",NA
"2114","39147",NA
"2115","39149",-0.0346149913966656
"2116","39151",-0.0454403795301914
"2117","39153",-0.0389762297272682
"2118","39155",-0.0576732307672501
"2119","39157",-0.0396877750754356
"2120","39159",-0.0171365812420845
"2121","39161",NA
"2122","39163",NA
"2123","39165",-0.0264373850077391
"2124","39167",-0.0571505390107632
"2125","39169",-0.0300498586148024
"2126","39171",-0.055933702737093
"2127","39173",-0.0451933033764362
"2128","39175",NA
"2129","40001",NA
"2130","40003",NA
"2131","40005",NA
"2132","40007",NA
"2133","40009",-0.000113110159873031
"2134","40011",NA
"2135","40013",0.00878977496176958
"2136","40015",NA
"2137","40017",0.000546480296179652
"2138","40019",0.0129470629617572
"2139","40021",0.00995208043605089
"2140","40023",NA
"2141","40025",NA
"2142","40027",0.00493415677919984
"2143","40029",NA
"2144","40031",0.0169035103172064
"2145","40033",NA
"2146","40035",NA
"2147","40037",0.01901550963521
"2148","40039",0.0238500405102968
"2149","40041",0.00956743210554123
"2150","40043",NA
"2151","40045",NA
"2152","40047",0.0157363191246986
"2153","40049",NA
"2154","40051",0.00170510145835578
"2155","40053",NA
"2156","40055",NA
"2157","40057",NA
"2158","40059",NA
"2159","40061",NA
"2160","40063",NA
"2161","40065",0.00775430770590901
"2162","40067",NA
"2163","40069",NA
"2164","40071",0.0203233491629362
"2165","40073",NA
"2166","40075",NA
"2167","40077",NA
"2168","40079",NA
"2169","40081",NA
"2170","40083",0.0200171303004026
"2171","40085",NA
"2172","40087",0.0133398408070207
"2173","40089",NA
"2174","40091",NA
"2175","40093",NA
"2176","40095",NA
"2177","40097",-0.00321615510620177
"2178","40099",NA
"2179","40101",0.000451943371444941
"2180","40103",NA
"2181","40105",NA
"2182","40107",NA
"2183","40109",0.00242767389863729
"2184","40111",0.00662225438281894
"2185","40113",NA
"2186","40115",0.00351331033743918
"2187","40117",NA
"2188","40119",-0.00564039079472423
"2189","40121",0.0107913743704557
"2190","40123",-0.0176281314343214
"2191","40125",0.00615055067464709
"2192","40127",NA
"2193","40129",NA
"2194","40131",-0.0114922318607569
"2195","40133",NA
"2196","40135",NA
"2197","40137",-0.000960560864768922
"2198","40139",0.00479021342471242
"2199","40141",NA
"2200","40143",0.0032150240149349
"2201","40145",0.0258113779127598
"2202","40147",0.00695238960906863
"2203","40149",NA
"2204","40151",NA
"2205","40153",0.000991115462966263
"2206","41001",NA
"2207","41003",-0.0248485878109932
"2208","41005",-0.0897720530629158
"2209","41007",-0.0492332279682159
"2210","41009",-0.0940153151750565
"2211","41011",-0.106754146516323
"2212","41013",-0.051263589411974
"2213","41015",NA
"2214","41017",-0.114239670336246
"2215","41019",-0.0514125116169453
"2216","41021",NA
"2217","41023",NA
"2218","41025",NA
"2219","41027",-0.0802633538842201
"2220","41029",-0.113675110042095
"2221","41031",NA
"2222","41033",-0.116802699863911
"2223","41035",-0.0969029515981674
"2224","41037",NA
"2225","41039",-0.0407865978777409
"2226","41041",-0.0889153778553009
"2227","41043",-0.0985302552580833
"2228","41045",NA
"2229","41047",-0.058153972029686
"2230","41049",NA
"2231","41051",-0.0715280026197433
"2232","41053",-0.0502012670040131
"2233","41055",NA
"2234","41057",NA
"2235","41059",-0.00418032240122557
"2236","41061",NA
"2237","41063",NA
"2238","41065",-0.0583517886698246
"2239","41067",-0.0821552649140358
"2240","41069",NA
"2241","41071",-0.0586215481162071
"2242","42001",NA
"2243","42003",0.0061153587885201
"2244","42005",NA
"2245","42007",0.020572867244482
"2246","42009",NA
"2247","42011",-0.0283274296671152
"2248","42013",-0.0315292812883854
"2249","42015",NA
"2250","42017",-0.0325392484664917
"2251","42019",0.0140352686867118
"2252","42021",-0.0398757196962833
"2253","42023",NA
"2254","42025",NA
"2255","42027",0.00442847330123186
"2256","42029",-0.0211135502904654
"2257","42031",NA
"2258","42033",NA
"2259","42035",NA
"2260","42037",NA
"2261","42039",NA
"2262","42041",-0.00902875605970621
"2263","42043",0.00117379438597709
"2264","42045",-0.0155067406594753
"2265","42047",NA
"2266","42049",-0.00398670462891459
"2267","42051",NA
"2268","42053",NA
"2269","42055",NA
"2270","42057",NA
"2271","42059",NA
"2272","42061",NA
"2273","42063",NA
"2274","42065",NA
"2275","42067",NA
"2276","42069",-0.0228171572089195
"2277","42071",-0.00173527561128139
"2278","42073",-0.0140437064692378
"2279","42075",-0.0022648936137557
"2280","42077",-0.0444351248443127
"2281","42079",NA
"2282","42081",NA
"2283","42083",NA
"2284","42085",NA
"2285","42087",NA
"2286","42089",-0.0477149598300457
"2287","42091",-0.0199127625674009
"2288","42093",NA
"2289","42095",-0.0640122517943382
"2290","42097",NA
"2291","42099",NA
"2292","42101",-0.00634707044810057
"2293","42103",NA
"2294","42105",NA
"2295","42107",NA
"2296","42109",NA
"2297","42111",NA
"2298","42113",NA
"2299","42115",NA
"2300","42117",NA
"2301","42119",NA
"2302","42121",NA
"2303","42123",NA
"2304","42125",-0.000403220852604136
"2305","42127",NA
"2306","42129",-0.0164456330239773
"2307","42131",NA
"2308","42133",-0.0226677600294352
"2309","44001",-0.0361862927675247
"2310","44003",-0.12293815612793
"2311","44005",-0.0549546629190445
"2312","44007",-0.172892645001411
"2313","44009",-0.0438032709062099
"2314","45001",NA
"2315","45003",-0.00235345889814198
"2316","45005",NA
"2317","45007",-0.0132327722385526
"2318","45009",NA
"2319","45011",NA
"2320","45013",-0.0747255310416222
"2321","45015",-0.0707898214459419
"2322","45017",NA
"2323","45019",-0.0573745444417
"2324","45021",NA
"2325","45023",NA
"2326","45025",NA
"2327","45027",NA
"2328","45029",NA
"2329","45031",NA
"2330","45033",NA
"2331","45035",-0.063592404127121
"2332","45037",NA
"2333","45039",NA
"2334","45041",-0.014750792644918
"2335","45043",-0.0450800657272339
"2336","45045",0.000183754120371304
"2337","45047",NA
"2338","45049",NA
"2339","45051",-0.128468424081802
"2340","45053",NA
"2341","45055",-0.0211474820971489
"2342","45057",-0.0382845140993595
"2343","45059",NA
"2344","45061",NA
"2345","45063",-0.00938734598457813
"2346","45065",NA
"2347","45067",NA
"2348","45069",NA
"2349","45071",NA
"2350","45073",NA
"2351","45075",NA
"2352","45077",-0.00240159127861261
"2353","45079",-0.0144285298883915
"2354","45081",NA
"2355","45083",-0.0233524460345507
"2356","45085",-0.0535105131566525
"2357","45087",NA
"2358","45089",NA
"2359","45091",-0.015709150582552
"2360","46003",NA
"2361","46005",NA
"2362","46007",NA
"2363","46009",NA
"2364","46011",NA
"2365","46013",NA
"2366","46015",NA
"2367","46017",NA
"2368","46019",NA
"2369","46021",NA
"2370","46023",NA
"2371","46025",NA
"2372","46027",NA
"2373","46029",0.0116252042353153
"2374","46031",NA
"2375","46033",NA
"2376","46035",0.00238822889514267
"2377","46037",NA
"2378","46039",NA
"2379","46041",NA
"2380","46043",NA
"2381","46045",NA
"2382","46047",NA
"2383","46049",NA
"2384","46051",NA
"2385","46053",NA
"2386","46055",NA
"2387","46057",NA
"2388","46059",NA
"2389","46061",NA
"2390","46063",NA
"2391","46065",NA
"2392","46067",NA
"2393","46069",NA
"2394","46071",NA
"2395","46073",NA
"2396","46075",NA
"2397","46077",NA
"2398","46079",NA
"2399","46081",NA
"2400","46083",NA
"2401","46085",NA
"2402","46087",NA
"2403","46089",NA
"2404","46091",NA
"2405","46093",NA
"2406","46095",NA
"2407","46097",NA
"2408","46099",0.00442690588533878
"2409","46101",NA
"2410","46103",NA
"2411","46105",NA
"2412","46107",NA
"2413","46109",NA
"2414","46111",NA
"2415","46113",NA
"2416","46115",NA
"2417","46117",NA
"2418","46119",NA
"2419","46121",NA
"2420","46123",NA
"2421","46125",NA
"2422","46127",NA
"2423","46129",NA
"2424","46135",NA
"2425","46137",NA
"2426","47001",-0.0282571539282799
"2427","47003",-0.033256534487009
"2428","47005",NA
"2429","47007",NA
"2430","47009",-0.0188631918281317
"2431","47011",-0.0278788264840841
"2432","47013",-0.0301547423005104
"2433","47015",NA
"2434","47017",NA
"2435","47019",-0.0301562696695328
"2436","47021",-0.0194579493254423
"2437","47023",NA
"2438","47025",NA
"2439","47027",NA
"2440","47029",NA
"2441","47031",-0.0398279167711735
"2442","47033",NA
"2443","47035",-0.0359431095421314
"2444","47037",-0.0181317646056414
"2445","47039",NA
"2446","47041",0.00556068262085319
"2447","47043",0.0208874996751547
"2448","47045",-0.0178796462714672
"2449","47047",-0.020250553265214
"2450","47049",NA
"2451","47051",-0.0179624725133181
"2452","47053",-0.00652820384129882
"2453","47055",-0.0220958050340414
"2454","47057",NA
"2455","47059",-0.0584058985114098
"2456","47061",NA
"2457","47063",-0.0113946665078402
"2458","47065",-0.0156704895198345
"2459","47067",NA
"2460","47069",NA
"2461","47071",0.0018446542089805
"2462","47073",-0.0177293699234724
"2463","47075",NA
"2464","47077",-0.0170429460704327
"2465","47079",-0.0766702219843864
"2466","47081",NA
"2467","47083",NA
"2468","47085",NA
"2469","47087",NA
"2470","47089",0.00404267804697156
"2471","47091",NA
"2472","47093",-0.0141859482973814
"2473","47095",NA
"2474","47097",NA
"2475","47099",-0.037702027708292
"2476","47101",NA
"2477","47103",0.00897953007370234
"2478","47105",NA
"2479","47107",-0.00838045869022608
"2480","47109",NA
"2481","47111",-0.0542685128748417
"2482","47113",-0.0199928153306246
"2483","47115",NA
"2484","47117",NA
"2485","47119",-0.0557548105716705
"2486","47121",NA
"2487","47123",-0.0219188276678324
"2488","47125",0.0137735782191157
"2489","47127",NA
"2490","47129",NA
"2491","47131",NA
"2492","47133",NA
"2493","47135",NA
"2494","47137",NA
"2495","47139",NA
"2496","47141",-0.00680160243064165
"2497","47143",-0.0177481360733509
"2498","47145",NA
"2499","47147",-0.0115631399676204
"2500","47149",-0.0339781418442726
"2501","47151",NA
"2502","47153",NA
"2503","47155",-0.0140223130583763
"2504","47157",-0.0437651239335537
"2505","47159",NA
"2506","47161",NA
"2507","47163",-0.0058987308293581
"2508","47165",-0.029128298163414
"2509","47167",-0.0550587512552738
"2510","47169",NA
"2511","47171",-0.0430210418999195
"2512","47173",NA
"2513","47175",NA
"2514","47177",-0.0202779974788427
"2515","47179",-0.000804131967015564
"2516","47181",NA
"2517","47183",-0.0372133664786816
"2518","47185",-0.0442457459867001
"2519","47187",-0.0215431898832321
"2520","47189",-0.0269230790436268
"2521","48001",NA
"2522","48003",NA
"2523","48005",NA
"2524","48007",NA
"2525","48009",NA
"2526","48011",NA
"2527","48013",NA
"2528","48015",NA
"2529","48017",NA
"2530","48019",NA
"2531","48021",-0.0184167865663767
"2532","48023",NA
"2533","48025",NA
"2534","48027",-0.00322935916483402
"2535","48029",-0.0246965158730745
"2536","48031",NA
"2537","48033",NA
"2538","48035",NA
"2539","48037",NA
"2540","48039",-0.017071420326829
"2541","48041",-0.00236075953580439
"2542","48043",NA
"2543","48045",NA
"2544","48047",NA
"2545","48049",NA
"2546","48051",NA
"2547","48053",NA
"2548","48055",NA
"2549","48057",NA
"2550","48059",NA
"2551","48061",-0.0256193242967129
"2552","48063",NA
"2553","48065",NA
"2554","48067",NA
"2555","48069",NA
"2556","48071",NA
"2557","48073",NA
"2558","48075",NA
"2559","48077",NA
"2560","48079",NA
"2561","48081",NA
"2562","48083",NA
"2563","48085",-0.0291122477501631
"2564","48087",NA
"2565","48089",NA
"2566","48091",-0.00852494593709707
"2567","48093",NA
"2568","48095",NA
"2569","48097",NA
"2570","48099",NA
"2571","48101",NA
"2572","48103",NA
"2573","48105",NA
"2574","48107",NA
"2575","48109",NA
"2576","48111",NA
"2577","48113",-0.0253484733402729
"2578","48115",NA
"2579","48117",NA
"2580","48119",NA
"2581","48121",-0.0106750344857574
"2582","48123",NA
"2583","48125",NA
"2584","48127",NA
"2585","48129",NA
"2586","48131",NA
"2587","48133",NA
"2588","48135",-0.0157250482589006
"2589","48137",NA
"2590","48139",-0.0337046086788177
"2591","48141",-0.0386390201747417
"2592","48143",NA
"2593","48145",NA
"2594","48147",NA
"2595","48149",NA
"2596","48151",NA
"2597","48153",NA
"2598","48155",NA
"2599","48157",-0.0213121101260185
"2600","48159",NA
"2601","48161",NA
"2602","48163",NA
"2603","48165",NA
"2604","48167",-0.0280608180910349
"2605","48169",NA
"2606","48171",NA
"2607","48173",NA
"2608","48175",NA
"2609","48177",NA
"2610","48179",NA
"2611","48181",NA
"2612","48183",-0.00783301703631878
"2613","48185",NA
"2614","48187",-0.0154491439461708
"2615","48189",NA
"2616","48191",NA
"2617","48193",NA
"2618","48195",NA
"2619","48197",NA
"2620","48199",-0.00536368833854795
"2621","48201",-0.0225911214947701
"2622","48203",NA
"2623","48205",NA
"2624","48207",NA
"2625","48209",0.003106843912974
"2626","48211",NA
"2627","48213",NA
"2628","48215",-0.00828553270548582
"2629","48217",NA
"2630","48219",NA
"2631","48221",-0.00966857001185417
"2632","48223",NA
"2633","48225",NA
"2634","48227",NA
"2635","48229",NA
"2636","48231",NA
"2637","48233",NA
"2638","48235",NA
"2639","48237",NA
"2640","48239",NA
"2641","48241",NA
"2642","48243",NA
"2643","48245",-0.00271589588373899
"2644","48247",NA
"2645","48249",NA
"2646","48251",-0.0237042214721441
"2647","48253",NA
"2648","48255",NA
"2649","48257",-0.0461666136980057
"2650","48259",-0.00375781417824328
"2651","48261",NA
"2652","48263",NA
"2653","48265",NA
"2654","48267",NA
"2655","48271",NA
"2656","48273",NA
"2657","48275",NA
"2658","48277",NA
"2659","48279",NA
"2660","48281",NA
"2661","48283",NA
"2662","48285",NA
"2663","48287",NA
"2664","48289",NA
"2665","48291",NA
"2666","48293",NA
"2667","48295",NA
"2668","48297",NA
"2669","48299",NA
"2670","48301",NA
"2671","48303",0.000897211895789951
"2672","48305",NA
"2673","48307",NA
"2674","48309",-0.0047081895172596
"2675","48311",NA
"2676","48313",NA
"2677","48315",NA
"2678","48317",NA
"2679","48319",NA
"2680","48321",NA
"2681","48323",NA
"2682","48325",NA
"2683","48327",NA
"2684","48329",0.00447862641885877
"2685","48331",NA
"2686","48333",NA
"2687","48335",NA
"2688","48337",NA
"2689","48339",-0.0111007560044527
"2690","48341",NA
"2691","48343",NA
"2692","48345",NA
"2693","48347",NA
"2694","48349",NA
"2695","48351",NA
"2696","48353",NA
"2697","48355",-0.0183944031596184
"2698","48357",NA
"2699","48359",NA
"2700","48361",NA
"2701","48363",NA
"2702","48365",NA
"2703","48367",0.005070592276752
"2704","48369",NA
"2705","48371",NA
"2706","48373",NA
"2707","48375",-0.00951336696743965
"2708","48377",NA
"2709","48379",NA
"2710","48381",-0.0185485947877169
"2711","48383",NA
"2712","48385",NA
"2713","48387",NA
"2714","48389",NA
"2715","48391",NA
"2716","48393",NA
"2717","48395",NA
"2718","48397",-0.0268099140375853
"2719","48399",NA
"2720","48401",NA
"2721","48403",NA
"2722","48405",NA
"2723","48407",NA
"2724","48409",0.0190985109657049
"2725","48411",NA
"2726","48413",NA
"2727","48415",NA
"2728","48417",NA
"2729","48419",NA
"2730","48421",NA
"2731","48423",-0.0103382775560021
"2732","48425",NA
"2733","48427",NA
"2734","48429",NA
"2735","48431",NA
"2736","48433",NA
"2737","48435",NA
"2738","48437",NA
"2739","48439",-0.0215977486222982
"2740","48441",-0.0081768361851573
"2741","48443",NA
"2742","48445",NA
"2743","48447",NA
"2744","48449",NA
"2745","48451",0.0109531208872795
"2746","48453",-0.0104642063379288
"2747","48455",NA
"2748","48457",NA
"2749","48459",NA
"2750","48461",NA
"2751","48463",NA
"2752","48465",NA
"2753","48467",NA
"2754","48469",-0.00477117858827114
"2755","48471",NA
"2756","48473",NA
"2757","48475",NA
"2758","48477",NA
"2759","48479",-0.0387754701077938
"2760","48481",NA
"2761","48483",NA
"2762","48485",-0.00898989289999008
"2763","48487",NA
"2764","48489",NA
"2765","48491",-0.0221888646483421
"2766","48493",NA
"2767","48495",NA
"2768","48497",NA
"2769","48499",NA
"2770","48501",NA
"2771","48503",NA
"2772","48505",NA
"2773","48507",NA
"2774","49001",NA
"2775","49003",-0.0659043565392494
"2776","49005",NA
"2777","49007",NA
"2778","49009",NA
"2779","49011",-0.033049788326025
"2780","49013",NA
"2781","49015",NA
"2782","49017",NA
"2783","49019",NA
"2784","49021",NA
"2785","49023",NA
"2786","49025",NA
"2787","49027",NA
"2788","49029",NA
"2789","49031",NA
"2790","49033",NA
"2791","49035",-0.09132981300354
"2792","49037",NA
"2793","49039",NA
"2794","49041",NA
"2795","49043",-0.0667180046439171
"2796","49045",-0.0657862573862076
"2797","49047",NA
"2798","49049",-0.0668481662869453
"2799","49051",NA
"2800","49053",-0.116235315799713
"2801","49055",NA
"2802","49057",-0.0257928352802992
"2803","50001",NA
"2804","50003",NA
"2805","50005",NA
"2806","50007",-0.00837613921612501
"2807","50009",NA
"2808","50011",NA
"2809","50013",NA
"2810","50015",NA
"2811","50017",NA
"2812","50019",NA
"2813","50021",NA
"2814","50023",NA
"2815","50025",NA
"2816","50027",NA
"2817","51001",NA
"2818","51003",-0.02294747158885
"2819","51005",NA
"2820","51007",NA
"2821","51009",NA
"2822","51011",NA
"2823","51013",-0.0324239060282707
"2824","51015",NA
"2825","51017",NA
"2826","51019",NA
"2827","51021",NA
"2828","51023",NA
"2829","51025",NA
"2830","51027",NA
"2831","51029",NA
"2832","51031",NA
"2833","51033",-0.13416799902916
"2834","51035",NA
"2835","51036",NA
"2836","51037",NA
"2837","51041",-0.0517959930002689
"2838","51043",NA
"2839","51045",NA
"2840","51047",-0.112800523638725
"2841","51049",NA
"2842","51051",NA
"2843","51053",NA
"2844","51057",NA
"2845","51059",-0.0892547890543938
"2846","51061",-0.166710615158081
"2847","51063",NA
"2848","51065",NA
"2849","51067",NA
"2850","51069",-0.192306667566299
"2851","51071",NA
"2852","51073",NA
"2853","51075",NA
"2854","51077",NA
"2855","51079",NA
"2856","51081",NA
"2857","51083",NA
"2858","51085",-0.0609467253088951
"2859","51087",-0.0371649041771889
"2860","51089",NA
"2861","51091",NA
"2862","51093",NA
"2863","51095",-0.044472947716713
"2864","51097",NA
"2865","51099",-0.177560418844223
"2866","51101",NA
"2867","51103",NA
"2868","51105",NA
"2869","51107",-0.195852637290955
"2870","51109",NA
"2871","51111",NA
"2872","51113",NA
"2873","51115",NA
"2874","51117",NA
"2875","51119",NA
"2876","51121",-0.00938784051686525
"2877","51125",NA
"2878","51127",NA
"2879","51131",NA
"2880","51133",NA
"2881","51135",NA
"2882","51137",-0.130606859922409
"2883","51139",NA
"2884","51141",NA
"2885","51143",NA
"2886","51145",NA
"2887","51147",NA
"2888","51149",NA
"2889","51153",-0.412831693887711
"2890","51155",NA
"2891","51157",NA
"2892","51159",NA
"2893","51161",0.000287789065623656
"2894","51163",NA
"2895","51165",NA
"2896","51167",NA
"2897","51169",NA
"2898","51171",NA
"2899","51173",NA
"2900","51175",NA
"2901","51177",-0.216198027133942
"2902","51179",-0.284392565488815
"2903","51181",NA
"2904","51183",NA
"2905","51185",NA
"2906","51187",-0.143017843365669
"2907","51191",NA
"2908","51193",NA
"2909","51195",NA
"2910","51197",NA
"2911","51199",-0.0450766272842884
"2912","51510",-0.0279693827033043
"2913","51520",NA
"2914","51530",NA
"2915","51540",-0.0211987178772688
"2916","51550",-0.071864977478981
"2917","51570",-0.0440837815403938
"2918","51580",NA
"2919","51590",NA
"2920","51600",NA
"2921","51610",NA
"2922","51620",NA
"2923","51630",-0.0653629451990128
"2924","51640",NA
"2925","51650",-0.0308104064315557
"2926","51660",NA
"2927","51670",-0.0629593506455421
"2928","51678",NA
"2929","51680",-0.0194124858826399
"2930","51683",-0.309523105621338
"2931","51690",-0.016117149963975
"2932","51700",-0.0315863527357578
"2933","51710",-0.0687403306365013
"2934","51720",NA
"2935","51730",NA
"2936","51735",NA
"2937","51740",-0.113787084817886
"2938","51750",NA
"2939","51760",-0.0463405214250088
"2940","51770",-0.0294409357011318
"2941","51775",-0.0292449668049812
"2942","51790",0.00571591313928366
"2943","51800",-0.043126292526722
"2944","51810",-0.0385598689317703
"2945","51820",NA
"2946","51840",-0.121918983757496
"2947","53001",NA
"2948","53003",-0.0794563144445419
"2949","53005",0.0186192132532597
"2950","53007",-0.0077504925429821
"2951","53009",NA
"2952","53011",-0.100438229739666
"2953","53013",NA
"2954","53015",-0.0438866652548313
"2955","53017",0.01796043664217
"2956","53019",NA
"2957","53021",0.00703794788569212
"2958","53023",NA
"2959","53025",-0.0299357678741217
"2960","53027",-0.0594896264374256
"2961","53029",-0.0948395729064941
"2962","53031",NA
"2963","53033",-0.068384513258934
"2964","53035",-0.0750411227345467
"2965","53037",NA
"2966","53039",NA
"2967","53041",-0.0839874893426895
"2968","53043",NA
"2969","53045",-0.10714016109705
"2970","53047",NA
"2971","53049",NA
"2972","53051",NA
"2973","53053",-0.114472270011902
"2974","53055",NA
"2975","53057",-0.0670631006360054
"2976","53059",NA
"2977","53061",-0.137517973780632
"2978","53063",-0.0253480430692434
"2979","53065",NA
"2980","53067",-0.052208423614502
"2981","53069",NA
"2982","53071",-0.0167364180088043
"2983","53073",-0.0602583661675453
"2984","53075",NA
"2985","53077",-0.010406494140625
"2986","54001",NA
"2987","54003",NA
"2988","54005",NA
"2989","54007",NA
"2990","54009",NA
"2991","54011",NA
"2992","54013",NA
"2993","54015",NA
"2994","54017",NA
"2995","54019",NA
"2996","54021",NA
"2997","54023",NA
"2998","54025",NA
"2999","54027",NA
"3000","54029",NA
"3001","54031",NA
"3002","54033",NA
"3003","54035",NA
"3004","54037",-0.183283314108849
"3005","54039",NA
"3006","54041",NA
"3007","54043",NA
"3008","54045",NA
"3009","54047",NA
"3010","54049",NA
"3011","54051",NA
"3012","54053",NA
"3013","54055",NA
"3014","54057",NA
"3015","54059",NA
"3016","54061",NA
"3017","54063",NA
"3018","54065",NA
"3019","54067",NA
"3020","54069",NA
"3021","54071",NA
"3022","54073",NA
"3023","54075",NA
"3024","54077",NA
"3025","54079",NA
"3026","54081",NA
"3027","54083",NA
"3028","54085",NA
"3029","54087",NA
"3030","54089",NA
"3031","54091",NA
"3032","54093",NA
"3033","54095",NA
"3034","54097",NA
"3035","54099",NA
"3036","54101",NA
"3037","54103",NA
"3038","54105",NA
"3039","54107",NA
"3040","54109",NA
"3041","55001",NA
"3042","55003",NA
"3043","55005",NA
"3044","55007",NA
"3045","55009",-0.0162642169743776
"3046","55011",NA
"3047","55013",NA
"3048","55015",NA
"3049","55017",-0.0549993999302387
"3050","55019",NA
"3051","55021",NA
"3052","55023",NA
"3053","55025",-0.015697218477726
"3054","55027",NA
"3055","55029",NA
"3056","55031",-1.53122909978265e-05
"3057","55033",NA
"3058","55035",-0.026091443374753
"3059","55037",NA
"3060","55039",-0.0120821576565504
"3061","55041",NA
"3062","55043",NA
"3063","55045",NA
"3064","55047",NA
"3065","55049",NA
"3066","55051",NA
"3067","55053",NA
"3068","55055",-0.053721833974123
"3069","55057",NA
"3070","55059",-0.0892019048333168
"3071","55061",NA
"3072","55063",NA
"3073","55065",NA
"3074","55067",NA
"3075","55069",NA
"3076","55071",NA
"3077","55073",-0.0264843907207251
"3078","55075",NA
"3079","55077",NA
"3080","55078",NA
"3081","55079",-0.0650570765137672
"3082","55081",-0.0237185414880514
"3083","55083",NA
"3084","55085",NA
"3085","55087",-0.010176139883697
"3086","55089",-0.0119589818641543
"3087","55091",NA
"3088","55093",NA
"3089","55095",NA
"3090","55097",-0.0215623956173658
"3091","55099",NA
"3092","55101",-0.0493278950452805
"3093","55103",NA
"3094","55105",-0.0357540287077427
"3095","55107",NA
"3096","55109",-0.0709520652890205
"3097","55111",NA
"3098","55113",NA
"3099","55115",NA
"3100","55117",-0.0226691495627165
"3101","55119",NA
"3102","55121",NA
"3103","55123",NA
"3104","55125",NA
"3105","55127",NA
"3106","55129",NA
"3107","55131",-0.0366786792874336
"3108","55133",-0.0230764243751764
"3109","55135",NA
"3110","55137",NA
"3111","55139",-0.00762951606884599
"3112","55141",-0.0347719751298428
"3113","56001",NA
"3114","56003",NA
"3115","56005",NA
"3116","56007",NA
"3117","56009",NA
"3118","56011",NA
"3119","56013",NA
"3120","56015",NA
"3121","56017",NA
"3122","56019",NA
"3123","56021",-0.0257512405514717
"3124","56023",NA
"3125","56025",0.00315537257120013
"3126","56027",NA
"3127","56029",NA
"3128","56031",NA
"3129","56033",NA
"3130","56035",NA
"3131","56037",NA
"3132","56039",NA
"3133","56041",NA
"3134","56043",NA
"3135","56045",NA
