year,geography,real_rent,cs_home,real_rent_reindexed,cs_home_reindexed
2000,20 City,183.925,106.34856880381192,1,1
2001,20 City,192.108,117.22645271834533,1.0444909609895336,1.102285193274209
2002,20 City,199.667,128.14632947430883,1.085589234742422,1.2049652469767473
2003,20 City,205.517,142.50996117242158,1.1173956775859724,1.3400270711241908
2004,20 City,211.017,164.42325816670842,1.1472991708576865,1.5460787109418523
2005,20 City,217.342,190.34613550269725,1.1816881881201577,1.7898326008866285
2006,20 City,225.1,204.7971290616591,1.2238684246296043,1.925715892232284
2007,20 City,234.685,196.9475832763029,1.2759820579040368,1.8519062878939618
2008,20 City,243.276,165.94166626025608,1.3226913143944543,1.5603563651747812
2009,20 City,248.812,143.83812575139467,1.3527905396221285,1.3525158577050733
2010,20 City,249.383,145.65180183216117,1.3558950659236102,1.369569929058984
2011,20 City,253.634,140.02493047574757,1.3790077477232565,1.3166602244931065
2012,20 City,260.361,141.2985900420275,1.4155824384939513,1.3286364981807153
2013,20 City,267.716,158.22897029098058,1.455571564496398,1.4878335653287051
2014,20 City,276.156,170.75590194214925,1.5014598341715373,1.6056248228140588
2015,20 City,286.027,179.35099675584058,1.5551284490960988,1.6864448555645444
2016,20 City,296.819,188.7249396605789,1.6138045398939784,1.7745884291939276
2017,20 City,308.144,199.90359611320233,1.675378551039826,1.879701799109092
2018,20 City,319.292,211.35793899396717,1.7359902134022018,1.9874074599336906
2019,20 City,331.126,216.51445819850983,1.8003316569253769,2.035894423722129
2020,20 City,341.47,228.3284443271115,1.8565719722713063,2.1469818249112853
2021,20 City,349.135,266.98195386495706,1.898246567894522,2.5104423770617537
2022,20 City,NA,NA,NA,NA
1987,San Francisco,133.067,49.227081236142915,1,1
1988,San Francisco,138.783,57.281840080416416,1.042955804218927,1.1636245465302872
1989,San Francisco,144.225,68.90220888536284,1.0838524953594804,1.3996809714319258
1990,San Francisco,151.008,73.76360766001125,1.1348268165660909,1.4984355319822094
1991,San Francisco,156.4,70.65634077122242,1.175347757144897,1.435314444752129
1992,San Francisco,160.05,69.41921212778908,1.2027775481524345,1.4101833865547353
1993,San Francisco,164.367,67.40619297636768,1.235219851653678,1.3692908716854315
1994,San Francisco,167.475,67.51626533231983,1.2585765065718773,1.3715268839207322
1995,San Francisco,169.95,67.30951084610808,1.2771761593783582,1.3673268687863807
1996,San Francisco,174.458,67.50334501499641,1.3110538300254757,1.3712644203133237
1997,San Francisco,185.117,72.76507268203092,1.3911563347787204,1.4781512706994748
1998,San Francisco,199.617,81.64893847470641,1.5001239976853764,1.6586183138308657
1999,San Francisco,213.575,92.51147910451509,1.605018524502694,1.8792802006833675
2000,San Francisco,228.583,115.94070374129625,1.7178038131167006,2.3552219800545813
2001,San Francisco,252.875,130.74405397959774,1.9003584660359065,2.655937559093071
2002,San Francisco,262.542,136.753907837692,1.9730060796440887,2.7780218612125673
2003,San Francisco,262.842,147.49412892178526,1.9752605830145713,2.9961989461502725
2004,San Francisco,262.167,171.27213772090624,1.9701879504309856,3.4792259345889653
2005,San Francisco,262.967,206.76719838639525,1.976199959418939,4.200273369743992
2006,San Francisco,266.992,215.96292029517224,2.00644787963958,4.387075464807581
2007,San Francisco,277.314,206.21950502204226,2.0840178256066495,4.189147514816179
2008,San Francisco,288.81,156.15416237664965,2.17041039476354,3.172119054298105
2009,San Francisco,298.154,127.4350502877654,2.2406306597428363,2.5887183860537637
2010,San Francisco,297.814,139.2859558497151,2.238075555922956,2.8294579396563986
2011,San Francisco,304.693,132.49167564760717,2.2897713182081203,2.6914387837061264
2012,San Francisco,317.228,137.13968782973524,2.383971984038116,2.7858586043701123
2013,San Francisco,331.454,169.0081201412189,2.490880533866398,3.4332346321831446
2014,San Francisco,349.71,192.3598741942595,2.6280745789714954,3.9076026724295683
2015,San Francisco,371.075,211.9165624590406,2.788632794006027,4.304877663627348
2016,San Francisco,395.72,226.74605807846157,2.9738402458911675,4.606124360507135
2017,San Francisco,417.509,242.0050155479015,3.137584825689314,4.916095154758424
2018,San Francisco,439.733,264.333422240239,3.3045984353746607,5.369674894439268
2019,San Francisco,455.169,266.2743358120288,3.420600148797222,5.409102654994058
2020,San Francisco,467.039,278.8282883147595,3.509803332155981,5.6641239194584125
2021,San Francisco,467.526,327.0066113318896,3.513463142627398,6.642819422163886
2022,San Francisco,NA,NA,NA,NA
1987,Los Angeles,130.467,63.21634906082275,1,1
1988,Los Angeles,136.775,76.361918294412,1.048349391033748,1.2079457201956005
1989,Los Angeles,143.15,94.77078481706016,1.0972123218898264,1.4991499228447651
1990,Los Angeles,149.567,99.36352504205267,1.146397173231545,1.5718010691577808
1991,Los Angeles,153.867,94.07303752236774,1.1793556991423118,1.4881124728012471
1992,Los Angeles,155.758,89.69135804916492,1.1938497857695816,1.4188000316637963
1993,Los Angeles,156.133,81.08884771116341,1.1967240758199391,1.2827195640979658
1994,Los Angeles,156.392,76.74599380486292,1.1987092521480527,1.2140212926726093
1995,Los Angeles,155.733,74.85247384277666,1.193658166432891,1.1840682822533515
1996,Los Angeles,157.258,74.07511157132592,1.2053469459710118,1.1717714273574318
1997,Los Angeles,159.6,76.60454978366684,1.2232978454321781,1.211783833165734
1998,Los Angeles,163.967,86.98665410693292,1.2567699111652755,1.3760151511318677
1999,Los Angeles,169.942,96.10706619320375,1.302566932634306,1.5202881473072043
2000,Los Angeles,176.792,105.98029225466225,1.355070630887504,1.676469676423337
2001,Los Angeles,186.4,116.47703316633392,1.4287137743643985,1.842514395354707
2002,Los Angeles,196.983,132.43154220286567,1.5098300719722226,2.0948938711321095
2003,Los Angeles,207.375,157.67389790927183,1.5894823978477315,2.4941949393117917
2004,Los Angeles,220.658,202.5980418661985,1.69129358381813,3.204836167796903
2005,Los Angeles,234.925,243.14761371920935,1.800646906880667,3.8462773844352856
2006,Los Angeles,248.458,271.29201547208,1.9043742862179707,4.2914850272523655
2007,Los Angeles,263.758,257.139770651331,2.021645320272559,4.067615015285483
2008,Los Angeles,275.679,194.81382001883367,2.113017084780059,3.0816999544120494
2009,Los Angeles,280.255,164.85037393906717,2.148091088167889,2.6077174083631216
2010,Los Angeles,279.752,173.60642766250174,2.144235707113676,2.7462267315606708
2011,Los Angeles,283.445,167.6975498506795,2.172541715529597,2.6527560091983737
2012,Los Angeles,289.52,168.85832534488276,2.2191052143453898,2.6711179600457156
2013,Los Angeles,296.56,201.21885664090075,2.2730652195574357,3.183019260528645
2014,Los Angeles,304.959,221.95524599337324,2.3374416519119774,3.511041831596792
2015,Los Angeles,316.749,235.169727783993,2.4278093310952196,3.7200776583558732
2016,Los Angeles,331.606,248.79279806497982,2.541684870503652,3.935576820888647
2017,Los Angeles,348.371,263.4425526838198,2.6701847976883037,4.167316787471421
2018,Los Angeles,NA,280.421009281575,NA,4.435893775070302
2019,Los Angeles,NA,285.398256382927,NA,4.51462731750508
2020,Los Angeles,NA,302.1084395382232,NA,4.778960569955625
2021,Los Angeles,NA,352.4809773883526,NA,5.575788267196795
2022,Los Angeles,NA,NA,NA,NA
1987,Chicago,123.65,56.947513876728415,1,1
1988,Chicago,130.3,66.30296428225842,1.0537808329963607,1.1642819812254017
1989,Chicago,136.875,69.96557947717284,1.1069551152446422,1.228597610575661
1990,Chicago,143.883,70.10844802731926,1.163631217145168,1.2311063864715797
1991,Chicago,150.5,71.64506044056692,1.2171451678123735,1.2580893451407482
1992,Chicago,155.15,74.51918602605892,1.2547513141932876,1.3085590740162436
1993,Chicago,158.817,77.265016193422,1.2844076021027093,1.356775931617909
1994,Chicago,163.933,80.81444109575116,1.3257824504650222,1.4191039361382194
1995,Chicago,170.65,82.8525936599775,1.3801051354630003,1.4548939544459234
1996,Chicago,175.825,85.14139728905508,1.421957137080469,1.4950854127426287
1997,Chicago,182.917,87.49670685243983,1.4793125758188435,1.5364447171801003
1998,Chicago,190.108,91.51436747154841,1.5374686615446824,1.606994954505744
1999,Chicago,197.45,96.35482100762559,1.5968459361099876,1.6919934593843782
2000,Chicago,204.625,104.95658382941258,1.6548726243429033,1.843040664718167
2001,Chicago,215.242,113.447075034728,1.7407359482410028,1.9921339372303681
2002,Chicago,222.492,121.61563103980924,1.7993691872219975,2.1355740182629366
2003,Chicago,230.208,131.71444999196942,1.8617711281843914,2.3129095727881195
2004,Chicago,235.067,142.88508405721,1.9010675293166195,2.5090662318728536
2005,Chicago,242,156.3396510914679,1.9571370804690658,2.7453288203219715
2006,Chicago,246.95,166.65473500394484,1.9971694298422966,2.926461993840406
2007,Chicago,256.905,164.95086460735592,2.077678932470683,2.8965419801190486
2008,Chicago,264.409,148.41047120090784,2.1383663566518396,2.606092190822675
2009,Chicago,268.806,127.35747844846108,2.1739264051758993,2.2364010257611207
2010,Chicago,272.712,122.67537944322659,2.2055155681358674,2.154183231049843
2011,Chicago,276.367,114.36536104467925,2.2350748079255967,2.0082590662735607
2012,Chicago,281.518,111.15016890562976,2.276732713303679,1.9518001987976377
2013,Chicago,288.473,120.55905351417708,2.332980186008896,2.117020486182163
2014,Chicago,296.047,127.74395179155633,2.394233724221593,2.2431875089064923
2015,Chicago,305.76,130.13969427060766,2.4727860897695106,2.285256816519065
2016,Chicago,313.245,133.80346044842042,2.5333198544278206,2.349592657162496
2017,Chicago,321.798,138.694887283328,2.6024909017387787,2.4354862546511558
2018,Chicago,331.213,142.45298590183933,2.6786332389809946,2.5014785756969227
2019,Chicago,341.062,144.2746251721535,2.7582854832187627,2.533466614266216
2020,Chicago,349.83,148.39032707747842,2.8291953093408813,2.6057384594293604
2021,Chicago,358.447,164.74971246571317,2.898883946623534,2.89300974266127
2022,Chicago,NA,NA,NA,NA
1987,New York,127.942,80.36583730575585,1,1
1988,New York,134.75,84.52996768684724,1.0532116115114663,1.051814682963468
1989,New York,142.317,82.79931140690067,1.1123555986306297,1.0302799570405339
1990,New York,150.375,78.48810807222983,1.1753372621969331,0.976635230883216
1991,New York,155.633,74.04345813891292,1.216434009160401,0.9213300156036561
1992,New York,160.625,75.05894796663317,1.2554516890465992,0.933965855181321
1993,New York,164.767,76.26068106057483,1.2878257335355083,0.9489191379968737
1994,New York,168.858,77.91102664408407,1.3198011599005801,0.9694545500430447
1995,New York,173.442,78.5749070281995,1.3556298947960796,0.9777152788100414
1996,New York,178.25,79.59831479341725,1.393209423019806,0.9904496420609852
1997,New York,184.417,81.57172239224984,1.4414109518375515,1.0150049464663218
1998,New York,190.692,86.798705652079,1.490456613152835,1.0800448120990636
1999,New York,196.892,94.50525548321176,1.5389160713448282,1.1759381679016394
2000,New York,205.408,106.15719768308384,1.605477481984024,1.3209244281149397
2001,New York,213.625,118.98232900660116,1.669701896171703,1.4805087957203376
2002,New York,223.158,134.14291516311516,1.7442122211627142,1.669153456993943
2003,New York,232.983,153.4915215007305,1.821004830313736,1.9099100643568776
2004,New York,243.533,174.24279646907368,1.9034640696565632,2.1681202151376615
2005,New York,256.275,199.47424416971424,2.003056072282753,2.482077594871618
2006,New York,269.542,214.51261049470216,2.1067514967719747,2.669201462787953
2007,New York,281.724,208.55528493817357,2.2019665160775976,2.5950738762879375
2008,New York,295.991,193.0702500848436,2.313477982210689,2.402392068041277
2009,New York,307.539,174.06318629680985,2.4037376311140988,2.1658853081388023
2010,New York,313.87,171.37901468092176,2.453220990761439,2.1324858973210437
2011,New York,320.731,166.05729208067433,2.50684685248003,2.066267180778582
2012,New York,328.483,162.18851825632908,2.5674368073033094,2.0181276484344304
2013,New York,338.565,167.63998515698333,2.6462381391568055,2.085960786038832
2014,New York,348.67,174.24579651848066,2.7252192399681108,2.1681575450468316
2015,New York,359.451,178.49731410034542,2.809483984930672,2.2210595955249426
2016,New York,371.813,182.89920201865476,2.9061058917321914,2.275832718855471
2017,New York,381.224,191.18153961624458,2.9796626596426505,2.3788906583388765
2018,New York,388.748,198.65524063177867,3.0384705569711277,2.4718866534792
2019,New York,400.345,201.39567943421952,3.1291131919150867,2.505986202420807
2020,New York,408.365,209.27003178630025,3.191797845898923,2.6039675414582186
2021,New York,409.183,240.86129366008842,3.1981913679636085,2.9970607130455145
2022,New York,NA,NA,NA,NA
1987,San Diego,134.9,56.974784825429,1,1
1988,San Diego,139.5,63.99321830527525,1.0340993328391401,1.123184905416506
1989,San Diego,144.6,78.16503174099184,1.0719051148999257,1.3719232460550725
1990,San Diego,150.9,85.0614395680675,1.1186063750926611,1.4929664030973726
1991,San Diego,153.6,81.8686351279725,1.1386212008895478,1.4369275001005861
1992,San Diego,154.7,79.5511248603765,1.1467753891771681,1.3962514312975733
1993,San Diego,153.4,75.282006401014,1.1371386212008896,1.3213214693425945
1994,San Diego,153,74.01524954920383,1.134173461823573,1.2990878293965813
1995,San Diego,153.9,72.40052133932167,1.1408450704225352,1.2707467270154191
1996,San Diego,156,71.86064659249683,1.156412157153447,1.2612710484590366
1997,San Diego,159.8,74.57556271109475,1.1845811712379541,1.3089222353290955
1998,San Diego,167.7,84.36442586444467,1.2431430689399554,1.4807326806575516
1999,San Diego,178.7,94.81988994583192,1.32468495181616,1.664243054824349
2000,San Diego,190.3,109.14527565056991,1.4106745737583395,1.91567683818362
2001,San Diego,205.8,124.92889910802958,1.5255744996293552,2.192705062262408
2002,San Diego,222.2,142.08399511891758,1.6471460340993327,2.493804856907553
2003,San Diego,237.6,167.9687575281285,1.761304670126019,2.948124473708598
2004,San Diego,250.5,215.36688993381057,1.8569310600444773,3.7800386713823615
2005,San Diego,259.7,243.8367434335634,1.9251297257227575,4.279730834976917
2006,San Diego,269.2,246.57663118920615,1.995552260934025,4.327820314630728
2007,San Diego,279.078,225.88628713727925,2.0687768717568567,3.9646711756682516
2008,San Diego,291.598,173.30807296483516,2.1615863602668646,3.041838130602018
2009,San Diego,298.517,150.26335470471435,2.212876204595997,2.6373659008124726
2010,San Diego,298.462,161.16905461553583,2.212468495181616,2.828778644963005
2011,San Diego,301.03,154.11996337345641,2.231504818383988,2.705055646031498
2012,San Diego,308.267,155.98696730393016,2.2851519644180875,2.73782459700155
2013,San Diego,314.839,182.43922084599834,2.3338695329873977,3.202104604782501
2014,San Diego,321.037,201.53689803473367,2.3798146775389175,3.5372998538255764
2015,San Diego,333.606,212.44037759148708,2.4729873980726462,3.728673627156388
2016,San Diego,346.938,225.25714359603674,2.571816160118606,3.953628684798471
2017,San Diego,365.707,241.089546880568,2.710948851000741,4.231513074060174
2018,San Diego,385.694,254.6358548395758,2.859110452186805,4.469272777769697
2019,San Diego,399.426,259.95958995841244,2.9609043736100813,4.562712974782262
2020,San Diego,410.829,279.6599005955503,3.0454336545589324,4.908485419513729
2021,San Diego,419.819,344.57565816448476,3.1120756115641215,6.047862387199288
2022,San Diego,NA,NA,NA,NA
1990,Seattle,NA,65.51139754399742,NA,0.82130408115855
1991,Seattle,NA,65.97456461819559,NA,0.8271107197368485
1992,Seattle,NA,67.13936905163683,NA,0.8417136540475442
1993,Seattle,NA,68.53038277706075,NA,0.8591525317462066
1994,Seattle,NA,71.2322002166935,NA,0.893024709304706
1995,Seattle,NA,72.24554633467491,NA,0.905728839174098
1996,Seattle,NA,74.10839270819875,NA,0.9290829941227694
1997,Seattle,172.8,79.76509437477233,1,1
1998,Seattle,178.308,88.65822414606792,1.0318749999999999,1.1114914968884968
1999,Seattle,185.983,96.52988958586717,1.0762905092592592,1.2101770873902096
2000,Seattle,192.883,104.42489304132133,1.1162210648148148,1.3091552622088825
2001,Seattle,203.708,109.94090567148176,1.1788657407407406,1.3783084760726274
2002,Seattle,209.3,114.4340913331185,1.2112268518518519,1.4346387004252212
2003,Seattle,208.492,120.24233343651167,1.2065509259259257,1.507455540283812
2004,Seattle,208.217,131.70929828264943,1.2049594907407408,1.6512147238718209
2005,Seattle,210.533,152.41069000560626,1.2183622685185183,1.9107441820291995
2006,Seattle,219.183,176.86062406953351,1.2684201388888887,2.2172684111494014
2007,Seattle,233.823,188.65029797794676,1.353142361111111,2.36507333761285
2008,Seattle,251.975,174.81059047203775,1.4581886574074072,2.191567525147013
2009,Seattle,258.997,149.74466968592776,1.4988252314814814,1.8773207862371462
2010,Seattle,252.464,144.40627163015742,1.4610185185185185,1.8103942929180492
2011,Seattle,253.894,134.91263730743083,1.4692939814814814,1.6913743833054407
2012,Seattle,265.934,137.7699001965415,1.5389699074074075,1.7271953512552305
2013,Seattle,277.988,153.96226895898042,1.6087268518518518,1.9301960358198331
2014,Seattle,293.382,167.12413207564816,1.6978125,2.095203840547392
2015,Seattle,309.55,180.334237356059,1.7913773148148147,2.2608164482169046
2016,Seattle,329.325,199.79993812016775,1.905815972222222,2.5048542810144205
2017,Seattle,351.947,225.27349066782384,2.036730324074074,2.8242114227231716
2018,Seattle,374.98,248.70170008651576,2.170023148148148,3.117926481952158
2019,Seattle,387.615,252.30563385705526,2.243142361111111,3.163108322440011
2020,Seattle,402.408,274.0526721070098,2.32875,3.4357468546252443
2021,Seattle,407.376,333.8186229255166,2.3575,4.185021349778468
2022,Seattle,NA,NA,NA,NA
1989,Phoenix,NA,67.29234651160375,NA,0.5871509175749151
1990,Phoenix,NA,66.26127812037308,NA,0.5781544598293201
1991,Phoenix,NA,65.33986165270758,NA,0.5701147561705223
1992,Phoenix,NA,66.22458101840309,NA,0.5778342638752333
1993,Phoenix,NA,68.29798807415116,NA,0.5959255167204415
1994,Phoenix,NA,72.75608560760867,NA,0.6348240868120145
1995,Phoenix,NA,76.90697525134142,NA,0.6710421530470749
1996,Phoenix,NA,81.07993190427241,NA,0.7074527621992804
1997,Phoenix,NA,84.54347852460558,NA,0.7376735032138836
1998,Phoenix,NA,89.45487282489125,NA,0.7805272573103866
1999,Phoenix,NA,96.08866539825667,NA,0.8384095812055937
2000,Phoenix,NA,103.55946112518292,NA,0.9035950709896825
2001,Phoenix,NA,109.1418670390575,NA,0.952303652641563
2002,Phoenix,100.9,114.60826253927783,1,1
2003,Phoenix,102,121.524001690836,1.0109018830525272,1.0603424133507657
2004,Phoenix,102.6,136.68598878036516,1.016848364717542,1.1926364273563697
2005,Phoenix,102.8,190.86981164905833,1.018830525272547,1.665410568314345
2006,Phoenix,107.2,224.592487185165,1.062438057482656,1.959653538139923
2007,Phoenix,113.697,208.74940084598458,1.126828543111992,1.8214166781774856
2008,Phoenix,117.588,151.402481738193,1.1653914767096134,1.3210433382698326
2009,Phoenix,116.525,109.04163657671666,1.1548562933597621,0.9514291043313442
2010,Phoenix,110.728,108.69277218146833,1.0974033696729435,0.9483851318679386
2011,Phoenix,110.319,100.77782239537775,1.0933498513379583,0.8793242316263176
2012,Phoenix,115.008,114.82581932159208,1.1398216055500494,1.0018982643789727
2013,Phoenix,119.547,137.3091771861765,1.184806739345887,1.1980739795188742
2014,Phoenix,124.808,146.40878364726174,1.2369474727452923,1.2774714527853996
2015,Phoenix,128.902,152.7913140261024,1.2775222993062436,1.333161419960788
2016,Phoenix,135.749,160.910716851818,1.3453815659068384,1.4040062495203753
2017,Phoenix,143.583,169.92442084359058,1.4230227948463825,1.482654191580255
2018,Phoenix,152.72,181.9836566010456,1.5135777998017839,1.5878755385431071
2019,Phoenix,162.18,193.18072575884534,1.6073339940535183,1.6855741591287072
2020,Phoenix,171.542,212.71588888919558,1.7001189296333001,1.8560257714080162
2021,Phoenix,178.239,271.0233281526088,1.7664915758176412,2.3647800092923092
2022,Phoenix,NA,NA,NA,NA
1987,Miami,107.717,69.95469452234,1,1
1988,Miami,111.283,73.9332696803525,1.0331052665781633,1.0568735977646495
1989,Miami,114.617,77.80454180676492,1.0640567412757505,1.112213302309798
1990,Miami,117.333,79.60553677402758,1.0892709600155963,1.137958464654657
1991,Miami,121.408,78.8510296553565,1.1271015717110577,1.1271728108279488
1992,Miami,124.933,78.93760589186225,1.1598262112758433,1.1284104152102838
1993,Miami,129.992,81.37801157210367,1.206791871292368,1.1632959321424188
1994,Miami,137.1,85.4772452392275,1.2727795983920829,1.221894339227375
1995,Miami,141.067,87.05681785030691,1.3096075828327933,1.2444742764548182
1996,Miami,145.55,87.68372298342717,1.3512258974906468,1.2534358641995844
1997,Miami,148.642,88.92706752178167,1.3799307444507367,1.271209432461789
1998,Miami,151.242,92.19494075421741,1.4040680672502948,1.3179235701583256
1999,Miami,152.925,96.61428346330658,1.4196923419701626,1.3810979252071902
2000,Miami,155.55,103.7494545269365,1.4440617544120242,1.4830949550327055
2001,Miami,160.6,116.69128528977208,1.4909438621573197,1.668097989513867
2002,Miami,168.342,132.56730003011816,1.56281738258585,1.8950450850411882
2003,Miami,174.6,152.7965034455239,1.620914061847248,2.184220865930998
2004,Miami,184.667,181.9654731312039,1.7143719190099984,2.601190304291777
2005,Miami,196.275,235.8170576763416,1.8221357817243333,3.3709968900090543
2006,Miami,210.067,276.57658329457,1.950174995590297,3.9536529347039804
2007,Miami,227.484,260.248450733766,2.11186720759026,3.7202428301742603
2008,Miami,238.849,191.16646015503315,2.217375158981405,2.732718103628974
2009,Miami,237.924,149.1849425634755,2.2087878422161777,2.132593724869077
2010,Miami,236.91,146.03277141506993,2.1993742863243497,2.087533544563395
2011,Miami,237.646,138.95678314776734,2.2062070053937632,1.9863825308163063
2012,Miami,241.606,145.99798101772083,2.242970004734629,2.087036217006086
2013,Miami,246.586,166.03662324645066,2.2892022614814747,2.3734879321562463
2014,Miami,257.612,186.0020534489826,2.3915630773229855,2.6588930838599105
2015,Miami,271.909,200.73947498361974,2.5242905019634785,2.8695640278939916
2016,Miami,285.286,213.90984133032367,2.6484770277672047,3.057833970842538
2017,Miami,298.622,224.85074419471783,2.772282926557554,3.2142338084674478
2018,Miami,308.597,235.68557640644218,2.864886693836627,3.369117369688121
2019,Miami,321.426,243.91418678908374,2.9839858146810623,3.486745077718692
2020,Miami,326.679,256.1672843498671,3.0327524903218617,3.66190269429395
2021,Miami,334.593,307.02483918564775,3.10622278748944,4.388909726245742
2022,Miami,NA,NA,NA,NA
1987,Denver,110.1,50.245878650322666,1,1
1988,Denver,108.2,48.43942456988075,0.9827429609445959,0.9640477163706577
1989,Denver,107.2,47.66040511458483,0.9736603088101726,0.9485435700362416
1990,Denver,107.2,48.57570540636883,0.9736603088101726,0.9667599952709135
1991,Denver,110.2,50.03512085947192,1.0009082652134424,0.9958054710851515
1992,Denver,114.6,53.925107125340254,1.0408719346049047,1.073224482760517
1993,Denver,122.9,58.78382402144967,1.1162579473206178,1.1699232972030469
1994,Denver,129.6,65.48573027658408,1.1771117166212535,1.3033055055583858
1995,Denver,136,69.73863672701309,1.2352406902815622,1.3879474018624858
1996,Denver,143.9,73.39564567763524,1.306993642143506,1.4607296687638662
1997,Denver,150,77.57938689239874,1.3623978201634879,1.5439950295684708
1998,Denver,158.2,83.6653547502495,1.4368755676657583,1.6651187519777253
1999,Denver,168.2,94.15709101854516,1.5277020890099908,1.873926649264407
2000,Denver,178.9,107.36018146113717,1.6248864668483198,2.136696269325718
2001,Denver,189.2,119.59967064578916,1.7184377838328793,2.3802881720533136
2002,Denver,196.3,124.117746481181,1.7829246139872845,2.4702075038821905
2003,Denver,194.2,125.92104962181901,1.7638510445049955,2.506097077098489
2004,Denver,192.3,130.096026831818,1.7465940054495914,2.589188015542496
2005,Denver,194.2,135.45381513662943,1.7638510445049955,2.695819413952264
2006,Denver,194.9,138.29544812091027,1.7702089009990918,2.752373962516469
2007,Denver,197.709,135.960979157812,1.7957220708446868,2.705913058143703
2008,Denver,202.499,129.34575750822134,1.839227974568574,2.574256058061604
2009,Denver,207.172,125.682538550647,1.881671207992734,2.501350198795656
2010,Denver,210.583,126.75880996140583,1.9126521344232517,2.5227702921380164
2011,Denver,215.475,124.0886929292815,1.95708446866485,2.46962927632045
2012,Denver,223.071,129.74563260249684,2.0260762942779293,2.5822144241011027
2013,Denver,237.66,142.18150921926159,2.15858310626703,2.8297148549983318
2014,Denver,252.558,153.2779453430605,2.2938964577656678,3.050557567313557
2015,Denver,269.562,168.94527183319866,2.448337874659401,3.362370733109147
2016,Denver,290.046,184.54568614858098,2.6343869209809263,3.6728522041159666
2017,Denver,303.287,198.7786497141361,2.7546503178928248,3.9561184927723336
2018,Denver,316.309,213.8997691252384,2.872924613987285,4.257060974370378
2019,Denver,326.164,221.7690718633071,2.9624341507720255,4.413676859084699
2020,Denver,331.615,233.415901281092,3.0119436875567667,4.645473570190877
2021,Denver,335.57,274.8549273946309,3.0478655767484106,5.470198447666431
2022,Denver,NA,NA,NA,NA
1987,Boston,131.75,72.50680023900625,1,1
1988,Boston,139.767,74.7157426540245,1.0608500948766604,1.0304653137048778
1989,Boston,150.025,74.12757703672034,1.1387096774193548,1.022353445364731
1990,Boston,154.717,69.89633169759725,1.1743225806451614,0.9639969143197046
1991,Boston,155.6,64.2262342220955,1.1810246679316887,0.8857960082417747
1992,Boston,155.708,64.01446492142708,1.1818444022770398,0.8828753263199363
1993,Boston,156.7,65.4205858776975,1.1893738140417456,0.9022682791414012
1994,Boston,157.8,68.04654422880083,1.1977229601518027,0.938484997331244
1995,Boston,162.925,69.56355062696909,1.2366223908918408,0.959407261079854
1996,Boston,169.85,72.331169344104,1.2891840607210625,0.9975777320979092
1997,Boston,176.333,76.699711158789,1.3383908918406071,1.0578278300236879
1998,Boston,184.7,83.94095173535067,1.401897533206831,1.157697642961125
1999,Boston,191.8,94.68740043024417,1.455787476280835,1.305910619667719
2000,Boston,204.708,108.23893594718658,1.5537609108159394,1.4928108203698889
2001,Boston,218.575,125.13937606944074,1.6590132827324477,1.7258984765144816
2002,Boston,234.742,139.5203850757556,1.7817229601518025,1.9242386178379205
2003,Boston,246.2,153.253884625165,1.8686907020872865,2.113648431871077
2004,Boston,253.425,167.67037340221893,1.923529411764706,2.312477903445225
2005,Boston,257.175,179.630411327436,1.9519924098671728,2.4774284720235222
2006,Boston,260.925,176.306751865559,1.9804554079696395,2.4315891927983855
2007,Boston,268.126,169.26300046156217,2.035111954459203,2.334443112971689
2008,Boston,272.465,159.6873811178636,2.068045540796964,2.202377992015666
2009,Boston,277.567,151.80662794516817,2.1067703984819737,2.093688142970916
2010,Boston,277.009,154.70290910309885,2.1025351043643266,2.1336331019041963
2011,Boston,280.537,151.61459309949976,2.129313092979127,2.0910396348994604
2012,Boston,287.859,152.3125219870094,2.184888045540797,2.1006653373881794
2013,Boston,294.214,163.30118973279542,2.233123339658444,2.252218953180957
2014,Boston,302.64,173.66647274682592,2.29707779886148,2.3951749653048284
2015,Boston,312.229,180.684238382323,2.3698595825426945,2.4919626543541895
2016,Boston,322.193,189.12463531301185,2.4454876660341553,2.608371003679584
2017,Boston,333.111,201.759452839847,2.528356736242884,2.782628004197972
2018,Boston,349.525,213.3857922793395,2.652941176470588,2.942976266721877
2019,Boston,360.577,221.45697053205234,2.7368273244781784,3.0542924222563586
2020,Boston,371.505,235.37972018707717,2.8197722960151803,3.2463123377557443
2021,Boston,377.557,272.3237015292591,2.865707779886148,3.75583670264845
2022,Boston,NA,NA,NA,NA
2000,Dallas,162.3,104.07584856617476,1,1
2001,Dallas,167.258,110.11320164792558,1.0305483672211952,1.0580091650937833
2002,Dallas,174.025,113.41215166037259,1.0722427603203943,1.0897067208465903
2003,Dallas,174.317,114.29276167349684,1.074041897720271,1.0981679539305014
2004,Dallas,169.333,115.62559640110858,1.0433333333333332,1.1109743326050339
2005,Dallas,169.15,119.7679739635235,1.0422057917436844,1.1507758583142484
2006,Dallas,171.875,123.57433815199917,1.0589956869993837,1.1873488408160964
2007,Dallas,176.344,124.2147347574245,1.0865311152187307,1.193502012894421
2008,Dallas,184.283,120.18686757984565,1.1354467036352431,1.1548007461445486
2009,Dallas,190.613,117.47240925028875,1.1744485520640788,1.1287192068926157
2010,Dallas,188.413,117.58421675959342,1.1608934072704868,1.1297934956045985
2011,Dallas,190.268,114.7942836052205,1.1723228589032655,1.102986765774296
2012,Dallas,199,118.43204381242268,1.2261244608749229,1.1379397376435494
2013,Dallas,204.655,128.36887081311608,1.2609673444239062,1.2334165186411623
2014,Dallas,212.958,139.15299886173776,1.3121256931608132,1.3370344876242812
2015,Dallas,223.863,151.49135304526692,1.3793160813308687,1.455586047409874
2016,Dallas,235.543,164.34980155831676,1.4512815773259395,1.5791348696409417
2017,Dallas,252.094,176.92986877144276,1.5532593961799135,1.7000088993648232
2018,Dallas,266.378,185.98112193077685,1.6412692544670362,1.7869767529449843
2019,Dallas,275.145,191.40560943961384,1.6952865064695006,1.8390972745027587
2020,Dallas,286.776,199.5974425413789,1.7669500924214416,1.91780749608271
2021,Dallas,296.715,239.42538678074692,1.8281885397412196,2.3004894034422656
2022,Dallas,NA,NA,NA,NA
1991,Atlanta,NA,69.85805682060543,NA,0.8188177179470423
1992,Atlanta,NA,70.74171753686808,NA,0.8291752498347059
1993,Atlanta,NA,72.884085327303,NA,0.8542862933564567
1994,Atlanta,NA,76.27805290841158,NA,0.8940675428791297
1995,Atlanta,NA,79.14355179758466,NA,0.9276545243670032
1996,Atlanta,NA,82.17019273249716,NA,0.9631302781477633
1997,Atlanta,174.5,85.31576111439684,1,1
1998,Atlanta,179.108,90.25033187640032,1.026406876790831,1.0578389115627405
1999,Atlanta,184.992,96.596400157885,1.0601260744985672,1.1322222165768687
2000,Atlanta,190.975,103.77357004099967,1.0944126074498568,1.2163469994934866
2001,Atlanta,201.333,109.39082070286834,1.1537707736389684,1.282187713899547
2002,Atlanta,207.308,113.52172304515616,1.1880114613180515,1.330606696375116
2003,Atlanta,205.608,117.15192232256842,1.178269340974212,1.3731568562751686
2004,Atlanta,200.158,121.40730023843709,1.1470372492836676,1.423034837322103
2005,Atlanta,200.408,127.60984376904075,1.1484699140401144,1.495735865239874
2006,Atlanta,202.85,133.12198817366092,1.1624641833810887,1.5603446120015554
2007,Atlanta,212.941,134.00414143092226,1.2202922636103153,1.5706844747155326
2008,Atlanta,220.044,122.64377994676816,1.2609971346704871,1.437527818363122
2009,Atlanta,217.305,108.39800632263459,1.245300859598854,1.2705507740508533
2010,Atlanta,211.464,105.7841987123215,1.2118280802292263,1.2399139072378347
2011,Atlanta,205.791,98.39493921777675,1.1793180515759312,1.153303187272074
2012,Atlanta,208.965,90.70475256500117,1.1975071633237822,1.0631652508307161
2013,Atlanta,213.905,107.34742873805293,1.2258166189111748,1.2582367822296587
2014,Atlanta,223.465,117.15807057272067,1.2806017191977077,1.3732289209215123
2015,Atlanta,235.085,123.61386168794067,1.347191977077364,1.4488983052286353
2016,Atlanta,247.81,130.85672367086443,1.4201146131805158,1.533793075999209
2017,Atlanta,262.752,137.97651024483474,1.5057421203438397,1.617245259757186
2018,Atlanta,274.431,146.10278221718292,1.572670487106017,1.712494623605115
2019,Atlanta,289.381,152.53883982820707,1.658343839541547,1.7879327082796956
2020,Atlanta,300.752,160.98091220920784,1.7235071633237824,1.8868836204057808
2021,Atlanta,317.358,187.8109830821471,1.8186704871060173,2.201363272494494
2022,Atlanta,NA,NA,NA,NA
1987,Portland,114.2,41.497519582278834,1,1
1988,Portland,118.9,42.916303303131,1.0411558669001753,1.034189603020467
1989,Portland,124.2,46.238206235168,1.0875656742556918,1.1142402413592363
1990,Portland,131.2,53.78834890629008,1.148861646234676,1.2961822645722647
1991,Portland,140,59.240443883987915,1.2259194395796846,1.4275658998492537
1992,Portland,146.9,62.95471692097292,1.2863397548161122,1.5170718046448541
1993,Portland,152.2,67.75031160154374,1.3327495621716285,1.6326352100927966
1994,Portland,159.3,74.03667528680992,1.39492119089317,1.7841229073948472
1995,Portland,164.2,79.77676779743392,1.4378283712784588,1.9224466570648218
1996,Portland,168.6,86.70565885005658,1.4763572679509631,2.0894178669677284
1997,Portland,176.1,93.039237771113,1.542031523642732,2.2420433487992044
1998,Portland,182.5,95.893166916505,1.5980735551663747,2.310816836326173
1999,Portland,186.6,99.68955309471383,1.6339754816112084,2.4023014892987824
2000,Portland,189.5,102.34741754218051,1.659369527145359,2.46635024388029
2001,Portland,195.2,106.80122205195333,1.7092819614711032,2.57367724931593
2002,Portland,198.4,111.5923057075925,1.7373029772329247,2.6891319488706755
2003,Portland,198.3,118.14791186790858,1.7364273204903677,2.847107804447248
2004,Portland,199.2,128.5288649196035,1.74430823117338,3.0972662032188225
2005,Portland,201.9,149.5651799338086,1.7679509632224168,3.604195658905819
2006,Portland,207,176.028743636868,1.8126094570928195,4.241910008328295
2007,Portland,217.369,183.73438874226017,1.9034063047285463,4.427599302121238
2008,Portland,226.699,171.54173948109258,1.985105078809107,4.133782963605083
2009,Portland,233.069,149.60452858731276,2.0408844133099824,3.605143875905299
2010,Portland,233.369,144.81780361972434,2.0435113835376533,3.4897942112561244
2011,Portland,239.829,134.4765846617506,2.1000788091068303,3.240593317755254
2012,Portland,249.301,136.80771094304583,2.1830210157618213,3.296768392910607
2013,Portland,259.533,153.348376650798,2.272618213660245,3.6953624745389395
2014,Portland,271.707,167.27444646387823,2.3792206654991244,4.030950479635688
2015,Portland,287.081,181.90691351728958,2.513844133099825,4.383561122409143
2016,Portland,308.286,202.83966698019083,2.6995271453590193,4.8879949698683145
2017,Portland,329.938,219.19902207708083,2.8891243432574427,5.282219859971773
2018,Portland,NA,231.37865668262475,NA,5.575722573583243
2019,Portland,NA,237.82363560932768,NA,5.731032553350207
2020,Portland,NA,252.65020877126784,NA,6.088320731322939
2021,Portland,NA,294.5559974853377,NA,7.098159129759778
2022,Portland,NA,NA,NA,NA
1987,Washington DC,NA,69.02003664366033,NA,0.7736703882254216
1988,Washington DC,NA,80.10034055227668,NA,0.897873495663532
1989,Washington DC,NA,90.33411794931766,NA,1.0125875832937432
1990,Washington DC,NA,92.3886983152075,NA,1.0356181127836799
1991,Washington DC,NA,88.69627038934757,NA,0.9942283615489297
1992,Washington DC,NA,88.63269506456867,NA,0.9935157228921698
1993,Washington DC,NA,88.86319667877316,NA,0.9960994983003006
1994,Washington DC,NA,89.75917933173808,NA,1.0061428897656148
1995,Washington DC,NA,88.95522605364641,NA,0.9971310886275259
1996,Washington DC,NA,88.73130577009817,NA,0.9946210857192584
1997,Washington DC,100.325,89.2111649794075,1,1
1998,Washington DC,102.825,91.46623184497625,1.024919013207077,1.0252778546955337
1999,Washington DC,105.967,96.99698014172093,1.0562372290057314,1.087273999438418
2000,Washington DC,109.908,106.41060705754609,1.0955195614253674,1.192794725661398
2001,Washington DC,117.158,120.48230383412943,1.167784699725891,1.3505294305027875
2002,Washington DC,124.408,136.21901975412666,1.2400498380264142,1.5269279331300059
2003,Washington DC,130.825,155.06328035631475,1.3040119611263392,1.7381600205771084
2004,Washington DC,135.5,187.60853193349743,1.3506105158235733,2.1029714383485842
2005,Washington DC,141.6,232.6543996703965,1.4114129080488411,2.607906753869875
2006,Washington DC,148.35,247.1579656477375,1.478694243707949,2.7704824357443227
2007,Washington DC,155.271,231.73838966117367,1.547680039870421,2.597638868572847
2008,Washington DC,162.17,195.29759959669792,1.6164465487166706,2.189160960310049
2009,Washington DC,169.044,174.17367273177575,1.6849638674308498,1.9523752746865266
2010,Washington DC,172.437,182.4296438193335,1.7187839521554946,2.04491942080841
2011,Washington DC,177.328,181.75274682536607,1.76753550959382,2.037331839207792
2012,Washington DC,184.569,185.6307845997584,1.8397109394467976,2.0808021579205622
2013,Washington DC,189.427,198.44100500776992,1.8881335659107898,2.2243965209239875
2014,Washington DC,192.895,207.71334365662074,1.9227012210316472,2.3283334962004694
2015,Washington DC,198.924,209.99445873505258,1.982795913281834,2.3539033346725753
2016,Washington DC,201.983,213.60162310974175,2.0132868178420136,2.3943373361288036
2017,Washington DC,207.223,220.17562359139657,2.065517069524047,2.4680276694315046
2018,Washington DC,NA,226.18488351652624,NA,2.5353876229363914
2019,Washington DC,NA,232.66933377024642,NA,2.6080741555606095
2020,Washington DC,NA,245.22836251108507,NA,2.748852820918669
2021,Washington DC,NA,276.21176733563374,NA,3.0961569373002957
2022,Washington DC,NA,NA,NA,NA
1987,Tampa,100,78.49385020136042,1,1
1988,Tampa,102.9,80.17166025067758,1.0290000000000001,1.0213750509754977
1989,Tampa,105.3,81.7169268473885,1.053,1.0410615180394378
1990,Tampa,110.1,82.35938794430442,1.101,1.049246377047727
1991,Tampa,113.3,81.66733562399925,1.133,1.0404297332147407
1992,Tampa,115.7,80.97364281962616,1.157,1.0315921898582414
1993,Tampa,118.9,82.56213126081857,1.189,1.051829296805059
1994,Tampa,123.1,84.33310786626075,1.2309999999999999,1.0743912758760192
1995,Tampa,126.2,86.45354240483466,1.262,1.1014052971418173
1996,Tampa,129.1,87.91156888476507,1.291,1.119980338067828
1997,Tampa,132.7,89.01021961012432,1.327,1.133976985226056
1998,Tampa,137.3,92.28502059742625,1.3730000000000002,1.1756974636954018
1999,Tampa,140.7,96.78479456082324,1.4069999999999998,1.2330239160461747
2000,Tampa,145.3,104.42445020315876,1.453,1.3303519949050597
2001,Tampa,151.4,115.65547717388392,1.514,1.4734336113872961
2002,Tampa,159.5,126.06478286159783,1.595,1.6060466206996296
2003,Tampa,162.5,139.2645479717771,1.625,1.7742096688405715
2004,Tampa,166.5,159.69467680252316,1.665,2.034486477512036
2005,Tampa,172.7,200.52399525180692,1.7269999999999999,2.5546459338840224
2006,Tampa,182.9,234.41956497303835,1.829,2.9864704607008243
2007,Tampa,195.965,216.61593654702034,1.9596500000000001,2.759654877309943
2008,Tampa,201.926,174.96250729600175,2.01926,2.2289963716542136
2009,Tampa,201.38,142.12284583144643,2.0138,1.8106239592892746
2010,Tampa,198.367,136.40879625676084,1.9836699999999998,1.7378278158968008
2011,Tampa,197.616,127.43680091164909,1.9761600000000001,1.6235259269960032
2012,Tampa,201.967,130.83986778508884,2.01967,1.666880493815058
2013,Tampa,208.442,147.50247888823992,2.08442,1.8791596858843278
2014,Tampa,218.217,160.27641570123092,2.18217,2.0418977447287086
2015,Tampa,228.09,170.49954010437816,2.2809,2.1721388321122657
2016,Tampa,236.187,183.61996255903242,2.36187,2.3392910665993805
2017,Tampa,249.175,196.46708340969843,2.49175,2.5029614792203603
2018,Tampa,258.687,209.47290027424825,2.5868700000000002,2.6686536555015077
2019,Tampa,271.471,219.82965355109093,2.71471,2.8005971549001805
2020,Tampa,283.831,234.83105141333732,2.8383100000000003,2.99171273686951
2021,Tampa,300.342,285.7503384483513,3.0034199999999998,3.6404168952767053
2022,Tampa,NA,NA,NA,NA
1989,Minneapolis,129.3,63.62495920106533,1,1
1990,Minneapolis,133.4,64.33529048965258,1.031709203402939,1.0111643496122722
1991,Minneapolis,135.6,65.13054085816042,1.0487238979118327,1.0236633811007596
1992,Minneapolis,140.5,67.18843309899134,1.0866202629543695,1.056007484211736
1993,Minneapolis,143.3,69.61252652359342,1.108275328692962,1.0941072088330366
1994,Minneapolis,146,72.84070260198634,1.1291569992266046,1.144844782875188
1995,Minneapolis,151.5,75.33754118234434,1.1716937354988397,1.1840878505597987
1996,Minneapolis,157.1,77.77477083308959,1.2150038669760246,1.222394038592756
1997,Minneapolis,160.9,81.13179813651459,1.2443928847641144,1.2751567805352106
1998,Minneapolis,165.5,85.69248000494842,1.279969064191802,1.3468374845498305
1999,Minneapolis,171.1,94.52939410462767,1.3232791956689867,1.485728168499083
2000,Minneapolis,178.6,105.87544857627292,1.3812838360402164,1.6640552686515537
2001,Minneapolis,189,120.11717794330374,1.4617169373549883,1.8878939876992882
2002,Minneapolis,200.7,131.7266727430719,1.5522041763341066,2.0703616064694668
2003,Minneapolis,205.8,143.67120675227292,1.591647331786543,2.2580950708077987
2004,Minneapolis,208.4,155.6289295858354,1.6117556071152357,2.4460358252493712
2005,Minneapolis,210.3,165.34464766273734,1.6264501160092806,2.598738761312539
2006,Minneapolis,211,169.953515352807,1.6318638824439287,2.6711768068208257
2007,Minneapolis,214.754,163.66127954214366,1.6608971384377416,2.572281092156729
2008,Minneapolis,218.016,140.1849451402625,1.6861252900232016,2.2033011400015994
2009,Minneapolis,225.141,118.15152365311042,1.74122969837587,1.8569995979051583
2010,Minneapolis,229.262,121.93100561665325,1.7731013147718482,1.916402103006954
2011,Minneapolis,230.038,112.03717029532226,1.7791028615622582,1.7608996799709746
2012,Minneapolis,234.303,118.72734671230266,1.8120881670533642,1.8660498679001856
2013,Minneapolis,239.684,132.43589496806158,1.853704563031709,2.0815085248155896
2014,Minneapolis,243.766,140.14058662282793,1.885274555297757,2.2026039526400423
2015,Minneapolis,250.169,144.8762003974455,1.9347950502706883,2.2770340793400417
2016,Minneapolis,260.514,151.9356639887416,2.014802784222738,2.387988391609021
2017,Minneapolis,270.833,160.77956053977766,2.0946094354215004,2.526988819461366
2018,Minneapolis,282.155,170.3894924742114,2.182173240525908,2.6780291038891293
2019,Minneapolis,293.346,177.1430839730575,2.268723897911833,2.7841759931547654
2020,Minneapolis,306.021,188.40603144835976,2.366751740139211,2.9611968921341973
2021,Minneapolis,315.553,211.11740508882227,2.440471771075019,3.3181538776576116
2022,Minneapolis,NA,NA,NA,NA
1991,Detroit,138.825,58.89110100669567,1,1
1992,Detroit,139.4,60.746732234345,1.0041419052764273,1.031509535327559
1993,Detroit,142.775,62.80968186464392,1.0284530884206737,1.0665394395921164
1994,Detroit,145.475,66.16678959587225,1.0479020349360706,1.123544788003698
1995,Detroit,147.95,71.18843232374675,1.065730235908518,1.2088147632976487
1996,Detroit,152.783,76.64039543109058,1.1005438501710787,1.3013917913060733
1997,Detroit,156.275,82.15387191972009,1.1256978209976591,1.3950133469296073
1998,Detroit,161.1,88.23671146088716,1.160453808752026,1.4983029685733846
1999,Detroit,165.917,95.64331543584042,1.1951521699981993,1.6240707645280088
2000,Detroit,172.817,103.39331939806766,1.2448550333153252,1.7556696619802077
2001,Detroit,177.208,109.45560432537117,1.2764847830001802,1.8586102561221691
2002,Detroit,183.408,113.6549257738665,1.3211453268503512,1.9299168096881802
2003,Detroit,190.392,117.61610444103508,1.3714532685035117,1.9971795811333637
2004,Detroit,192.517,121.52781066667234,1.3867603097424817,2.0636022860712884
2005,Detroit,194.625,125.13587438275009,1.4019448946515398,2.1248689911319993
2006,Detroit,200.625,123.402413812046,1.4451647757968666,2.095433973938026
2007,Detroit,204.915,111.60514217830092,1.4760669908157753,1.8951104712002564
2008,Detroit,204.45,91.58226172419575,1.4727174500270124,1.5551120654678068
2009,Detroit,206.363,72.05978554577558,1.4864973887988475,1.223610771644135
2010,Detroit,204.829,69.58144420369666,1.4754475058526924,1.1815273108204505
2011,Detroit,207.922,69.5926343301315,1.4977273545831082,1.1817173246976502
2012,Detroit,214.338,75.16661318648067,1.5439438141545112,1.2763662404262834
2013,Detroit,220.233,88.44853278864532,1.5864073473797948,1.5018997994041425
2014,Detroit,226.139,96.46760680633224,1.628950117053845,1.6380676393766909
2015,Detroit,231.463,101.30709381686825,1.6673005582567981,1.72024452056602
2016,Detroit,239.565,107.3674020482605,1.725661804430038,1.823151549434494
2017,Detroit,247.665,114.91899342664942,1.784008643976229,1.9513813031545058
2018,Detroit,256.937,122.44014164769416,1.8507977669728077,2.0790941170173274
2019,Detroit,266.034,126.93588558774475,1.9163263101026473,2.155434070986594
2020,Detroit,273.495,133.641701063427,1.9700702323068613,2.2693021318829225
2021,Detroit,284.816,152.51766913508558,2.0516189447145687,2.5898253985393307
2022,Detroit,NA,NA,NA,NA
1987,Cleveland,117.8,55.182288982347416,1,1
1988,Cleveland,122,59.04280476322542,1.035653650254669,1.069959326662092
1989,Cleveland,125.2,63.302715771425085,1.0628183361629882,1.1471563963516511
1990,Cleveland,129.6,67.47762676688833,1.100169779286927,1.2228131165141436
1991,Cleveland,137.8,70.16314320016575,1.169779286926995,1.2714793911976114
1992,Cleveland,142.3,73.00803854642409,1.207979626485569,1.3230338917216546
1993,Cleveland,146,76.01307657143867,1.2393887945670627,1.377490458863621
1994,Cleveland,148.5,79.90444847052683,1.2606112054329373,1.4480089525841875
1995,Cleveland,152.8,83.08862064220392,1.2971137521222411,1.5057117450996573
1996,Cleveland,157.2,86.62948460820617,1.33446519524618,1.5698784194312523
1997,Cleveland,162.5,89.28027015829016,1.3794567062818337,1.6179153095090084
1998,Cleveland,170.2,93.03714853554825,1.4448217317487266,1.6859965443860159
1999,Cleveland,173.2,97.60145914368725,1.4702886247877758,1.768709869482028
2000,Cleveland,178.8,102.1472924120495,1.5178268251273346,1.8510883527271946
2001,Cleveland,184.8,105.91164782485275,1.568760611205433,1.9193050846211444
2002,Cleveland,190.4,108.85881498734717,1.6162988115449917,1.9727129300883233
2003,Cleveland,194.7,113.76079946360342,1.6528013582342953,2.0615454987739823
2004,Cleveland,199.2,118.03805775425725,1.6910016977928692,2.1390569316908388
2005,Cleveland,201,121.8265397195195,1.7062818336162988,2.2077108790918643
2006,Cleveland,203.1,121.60322656816776,1.7241086587436332,2.2036640525562126
2007,Cleveland,207.6,116.96015120217,1.762308998302207,2.119523371703284
2008,Cleveland,207.899,108.40605872722992,1.7648471986417658,1.964508191421863
2009,Cleveland,212.354,103.19477205344758,1.802665534804754,1.8700705236504263
2010,Cleveland,214.942,103.89902774926092,1.824634974533107,1.8828328738319968
2011,Cleveland,217.637,99.46754508166508,1.8475127334465196,1.8025266243211537
2012,Cleveland,221.293,99.49062857973391,1.8785483870967743,1.8029449378506308
2013,Cleveland,225.6,103.89562498787775,1.9151103565365026,1.8827712098190332
2014,Cleveland,228.63,105.74862559786409,1.9408319185059424,1.916350835531535
2015,Cleveland,232.91,107.83083477945716,1.9771646859083192,1.9540841231495816
2016,Cleveland,237.455,111.15539642698033,2.015747028862479,2.014331019551191
2017,Cleveland,244.214,115.80238059341217,2.0731239388794567,2.098542534733506
2018,Cleveland,NA,121.27244430668175,NA,2.1976696969833256
2019,Cleveland,NA,125.41238112841766,NA,2.27269262368831
2020,Cleveland,NA,134.0337055422325,NA,2.428926164790107
2021,Cleveland,NA,152.767580901105,NA,2.7684168909697586
2022,Cleveland,NA,NA,NA,NA
1987,USA,123.142,66.25733333333334,1,1
1988,USA,127.842,71.14091666666667,1.0381673190300629,1.073706306723281
1989,USA,132.8,75.50825,1.078429780253691,1.1396210230817219
1990,USA,138.417,76.93966666666667,1.1240437868477042,1.1612249210150323
1991,USA,143.317,75.92558333333334,1.163835247113089,1.1459196969392067
1992,USA,146.908,76.32916666666667,1.1929967029932922,1.1520108465981123
1993,USA,150.342,77.41466666666666,1.2208832080037682,1.1683939387841344
1994,USA,154.008,79.4695,1.2506537168472172,1.1994068581087878
1995,USA,157.767,80.99183333333333,1.2811794513650907,1.222382931197553
1996,USA,161.933,82.80924999999999,1.3150103132968443,1.2498125993600706
1997,USA,166.667,85.31775,1.353453736336912,1.2876725595154248
1998,USA,172.092,90.09983333333334,1.3975085673450165,1.359846960336466
1999,USA,177.475,96.37358333333333,1.4412223286937031,1.4545345923973194
2000,USA,183.925,104.77666666666667,1.493600883532832,1.5813595476224016
2001,USA,192.108,113.1845,1.5600526221760245,1.7082561930251745
2002,USA,199.667,122.28766666666667,1.6214370401650129,1.845647274263981
2003,USA,205.517,133.74133333333333,1.6689431712981762,2.0185136739581027
2004,USA,211.017,150.46433333333334,1.7136070552695262,2.270908377437466
2005,USA,217.342,171.77933333333334,1.764970521836579,2.592608616907814
2006,USA,225.1,183.48175,1.8279709603547125,2.7692293180125973
2007,USA,234.685,179.94383333333334,1.905807929057511,2.7158327128569417
2008,USA,243.276,164.062,1.97557291582076,2.476133459440968
2009,USA,248.812,148.55191666666667,2.020529145214468,2.242044905721128
2010,USA,249.383,144.6635,2.0251660684413118,2.1833583200853237
2011,USA,253.634,139.24216666666666,2.059687190398077,2.1015359306139696
2012,USA,260.361,140.98766666666666,2.1143151808481266,2.127880184331797
2013,USA,267.716,154.52316666666667,2.1740429747770866,2.332167005413237
2014,USA,276.156,164.68283333333332,2.2425817349076675,2.4855034914374254
2015,USA,286.027,172.17875,2.322741225576976,2.5986368804459383
2016,USA,296.819,180.92708333333334,2.410379886634942,2.7306725796389832
2017,USA,308.144,191.40783333333331,2.50234688408504,2.8888550701306017
2018,USA,319.292,202.4855,2.5928765165418786,3.0560466262853923
2019,USA,331.126,209.48316666666668,2.6889769534358705,3.161660092970841
2020,USA,341.47,222.14825,2.7729775381267157,3.3528100034210047
2021,USA,349.135,260.0875,2.8352227509704244,3.925414545308192
2022,USA,NA,NA,NA,NA
